,document,subject,relation,object
0,"Arjuna asked Gandharva if Veda-knowing Brahmana is worthy to be appointed as a priest.He replied that he is, because he is well-versed in Vedic literature.Arjuna then asked for a priest to be chosen.",he,is versed in,Vedic literature.Arjuna
1,"Arjuna asked Gandharva if Veda-knowing Brahmana is worthy to be appointed as a priest.He replied that he is, because he is well-versed in Vedic literature.Arjuna then asked for a priest to be chosen.",Brahmana,is,if worthy
2,"Arjuna asked Gandharva if Veda-knowing Brahmana is worthy to be appointed as a priest.He replied that he is, because he is well-versed in Vedic literature.Arjuna then asked for a priest to be chosen.",he,is versed in,literature.Arjuna
3,"Arjuna asked Gandharva if Veda-knowing Brahmana is worthy to be appointed as a priest.He replied that he is, because he is well-versed in Vedic literature.Arjuna then asked for a priest to be chosen.",he,is,because well versed in literature.Arjuna
4,"Arjuna asked Gandharva if Veda-knowing Brahmana is worthy to be appointed as a priest.He replied that he is, because he is well-versed in Vedic literature.Arjuna then asked for a priest to be chosen.",he,asked,to chosen
5,"Arjuna asked Gandharva if Veda-knowing Brahmana is worthy to be appointed as a priest.He replied that he is, because he is well-versed in Vedic literature.Arjuna then asked for a priest to be chosen.",he,asked,for chosen
6,"Arjuna asked Gandharva if Veda-knowing Brahmana is worthy to be appointed as a priest.He replied that he is, because he is well-versed in Vedic literature.Arjuna then asked for a priest to be chosen.",priest,be,for chosen
7,"Arjuna asked Gandharva if Veda-knowing Brahmana is worthy to be appointed as a priest.He replied that he is, because he is well-versed in Vedic literature.Arjuna then asked for a priest to be chosen.",he,is well versed in,literature.Arjuna
8,"Arjuna asked Gandharva if Veda-knowing Brahmana is worthy to be appointed as a priest.He replied that he is, because he is well-versed in Vedic literature.Arjuna then asked for a priest to be chosen.",knowing Brahmana,be appointed,priest.He replied
9,"Arjuna asked Gandharva if Veda-knowing Brahmana is worthy to be appointed as a priest.He replied that he is, because he is well-versed in Vedic literature.Arjuna then asked for a priest to be chosen.",Brahmana,be appointed,priest.He replied
10,"Arjuna asked Gandharva if Veda-knowing Brahmana is worthy to be appointed as a priest.He replied that he is, because he is well-versed in Vedic literature.Arjuna then asked for a priest to be chosen.",he,is,versed
11,"Arjuna asked Gandharva if Veda-knowing Brahmana is worthy to be appointed as a priest.He replied that he is, because he is well-versed in Vedic literature.Arjuna then asked for a priest to be chosen.",he,is,well versed
12,"Arjuna asked Gandharva if Veda-knowing Brahmana is worthy to be appointed as a priest.He replied that he is, because he is well-versed in Vedic literature.Arjuna then asked for a priest to be chosen.",Brahmana,is,worthy
13,"Arjuna asked Gandharva if Veda-knowing Brahmana is worthy to be appointed as a priest.He replied that he is, because he is well-versed in Vedic literature.Arjuna then asked for a priest to be chosen.",he,is,because well versed in Vedic literature.Arjuna
14,"Arjuna asked Gandharva if Veda-knowing Brahmana is worthy to be appointed as a priest.He replied that he is, because he is well-versed in Vedic literature.Arjuna then asked for a priest to be chosen.",Arjuna,asked,worthy
15,"Arjuna asked Gandharva if Veda-knowing Brahmana is worthy to be appointed as a priest.He replied that he is, because he is well-versed in Vedic literature.Arjuna then asked for a priest to be chosen.",Arjuna,asked,if worthy
16,"Arjuna asked Gandharva if Veda-knowing Brahmana is worthy to be appointed as a priest.He replied that he is, because he is well-versed in Vedic literature.Arjuna then asked for a priest to be chosen.",Arjuna,asked Gandharva,versed
17,"Arjuna asked Gandharva if Veda-knowing Brahmana is worthy to be appointed as a priest.He replied that he is, because he is well-versed in Vedic literature.Arjuna then asked for a priest to be chosen.",Arjuna,asked,Gandharva
18,"Arjuna asked Gandharva if Veda-knowing Brahmana is worthy to be appointed as a priest.He replied that he is, because he is well-versed in Vedic literature.Arjuna then asked for a priest to be chosen.",priest,be,to chosen
19,"Arjuna asked Gandharva if Veda-knowing Brahmana is worthy to be appointed as a priest.He replied that he is, because he is well-versed in Vedic literature.Arjuna then asked for a priest to be chosen.",he,asked,for to chosen
20,"Arjuna asked Gandharva if Veda-knowing Brahmana is worthy to be appointed as a priest.He replied that he is, because he is well-versed in Vedic literature.Arjuna then asked for a priest to be chosen.",he,asked,chosen
21,"Arjuna asked Gandharva if Veda-knowing Brahmana is worthy to be appointed as a priest.He replied that he is, because he is well-versed in Vedic literature.Arjuna then asked for a priest to be chosen.",Brahmana,be appointed,as priest.He replied
22,"Arjuna asked Gandharva if Veda-knowing Brahmana is worthy to be appointed as a priest.He replied that he is, because he is well-versed in Vedic literature.Arjuna then asked for a priest to be chosen.",he,is,because versed in literature.Arjuna
23,"Arjuna asked Gandharva if Veda-knowing Brahmana is worthy to be appointed as a priest.He replied that he is, because he is well-versed in Vedic literature.Arjuna then asked for a priest to be chosen.",he,is,because versed in Vedic literature.Arjuna
24,"Arjuna asked Gandharva if Veda-knowing Brahmana is worthy to be appointed as a priest.He replied that he is, because he is well-versed in Vedic literature.Arjuna then asked for a priest to be chosen.",knowing Brahmana,is,if worthy
25,"Arjuna asked Gandharva if Veda-knowing Brahmana is worthy to be appointed as a priest.He replied that he is, because he is well-versed in Vedic literature.Arjuna then asked for a priest to be chosen.",Brahmana,be,appointed
26,"Arjuna asked Gandharva if Veda-knowing Brahmana is worthy to be appointed as a priest.He replied that he is, because he is well-versed in Vedic literature.Arjuna then asked for a priest to be chosen.",he,is well versed in,Vedic literature.Arjuna
27,"Arjuna asked Gandharva if Veda-knowing Brahmana is worthy to be appointed as a priest.He replied that he is, because he is well-versed in Vedic literature.Arjuna then asked for a priest to be chosen.",priest,be,for to chosen
28,"Arjuna asked Gandharva if Veda-knowing Brahmana is worthy to be appointed as a priest.He replied that he is, because he is well-versed in Vedic literature.Arjuna then asked for a priest to be chosen.",Arjuna,asked Gandharva,if worthy
29,"Arjuna asked Gandharva if Veda-knowing Brahmana is worthy to be appointed as a priest.He replied that he is, because he is well-versed in Vedic literature.Arjuna then asked for a priest to be chosen.",knowing Brahmana,be,appointed
30,"Arjuna asked Gandharva if Veda-knowing Brahmana is worthy to be appointed as a priest.He replied that he is, because he is well-versed in Vedic literature.Arjuna then asked for a priest to be chosen.",he,is,because well versed
31,"Arjuna asked Gandharva if Veda-knowing Brahmana is worthy to be appointed as a priest.He replied that he is, because he is well-versed in Vedic literature.Arjuna then asked for a priest to be chosen.",priest,be,chosen
32,"Arjuna asked Gandharva if Veda-knowing Brahmana is worthy to be appointed as a priest.He replied that he is, because he is well-versed in Vedic literature.Arjuna then asked for a priest to be chosen.",knowing Brahmana,is,worthy
33,"Arjuna asked Gandharva if Veda-knowing Brahmana is worthy to be appointed as a priest.He replied that he is, because he is well-versed in Vedic literature.Arjuna then asked for a priest to be chosen.",Arjuna,asked Gandharva,worthy
34,"Arjuna asked Gandharva if Veda-knowing Brahmana is worthy to be appointed as a priest.He replied that he is, because he is well-versed in Vedic literature.Arjuna then asked for a priest to be chosen.",Arjuna,asked,versed
35,"Arjuna asked Gandharva if Veda-knowing Brahmana is worthy to be appointed as a priest.He replied that he is, because he is well-versed in Vedic literature.Arjuna then asked for a priest to be chosen.",he,is,because versed
36,"Arjuna asked Gandharva if Veda-knowing Brahmana is worthy to be appointed as a priest.He replied that he is, because he is well-versed in Vedic literature.Arjuna then asked for a priest to be chosen.",knowing Brahmana,be appointed,as priest.He replied
37,"Dhaumya, the younger brother of Devala, is engaged there in ascetic penances.Gandharva suggests appointing him as a priest in Utkochaka as a shrine in the woods.He agrees to do so if he is appointed.",Dhaumya,is engaged in,penances.Gandharva
38,"Dhaumya, the younger brother of Devala, is engaged there in ascetic penances.Gandharva suggests appointing him as a priest in Utkochaka as a shrine in the woods.He agrees to do so if he is appointed.",Dhaumya,brother of,Devala
39,"Dhaumya, the younger brother of Devala, is engaged there in ascetic penances.Gandharva suggests appointing him as a priest in Utkochaka as a shrine in the woods.He agrees to do so if he is appointed.",Dhaumya,is engaged there in,penances.Gandharva
40,"Dhaumya, the younger brother of Devala, is engaged there in ascetic penances.Gandharva suggests appointing him as a priest in Utkochaka as a shrine in the woods.He agrees to do so if he is appointed.",Dhaumya,is engaged in,ascetic penances.Gandharva
41,"Dhaumya, the younger brother of Devala, is engaged there in ascetic penances.Gandharva suggests appointing him as a priest in Utkochaka as a shrine in the woods.He agrees to do so if he is appointed.",priest,is in,Utkochaka
42,"Dhaumya, the younger brother of Devala, is engaged there in ascetic penances.Gandharva suggests appointing him as a priest in Utkochaka as a shrine in the woods.He agrees to do so if he is appointed.",Dhaumya,is engaged there in,ascetic penances.Gandharva
43,"Dhaumya, the younger brother of Devala, is engaged there in ascetic penances.Gandharva suggests appointing him as a priest in Utkochaka as a shrine in the woods.He agrees to do so if he is appointed.",Dhaumya,is,engaged there
44,"Dhaumya, the younger brother of Devala, is engaged there in ascetic penances.Gandharva suggests appointing him as a priest in Utkochaka as a shrine in the woods.He agrees to do so if he is appointed.",he,is,appointed
45,"Dhaumya, the younger brother of Devala, is engaged there in ascetic penances.Gandharva suggests appointing him as a priest in Utkochaka as a shrine in the woods.He agrees to do so if he is appointed.",he,is,if appointed
46,"Dhaumya, the younger brother of Devala, is engaged there in ascetic penances.Gandharva suggests appointing him as a priest in Utkochaka as a shrine in the woods.He agrees to do so if he is appointed.",Dhaumya,is,engaged
47,"Dhaumya, the younger brother of Devala, is engaged there in ascetic penances.Gandharva suggests appointing him as a priest in Utkochaka as a shrine in the woods.He agrees to do so if he is appointed.",shrine,is in,woods.He
48,"The Pandavas went to Utkochaka, the sacred asylum of Dhaumya, and they got the blessings of Brahmana, their priest.He made them his Yajamanas (spiritual disciples).Then they went to the Swayamvara of the Princess of Panchala.",they,got,blessings of Brahmana
49,"The Pandavas went to Utkochaka, the sacred asylum of Dhaumya, and they got the blessings of Brahmana, their priest.He made them his Yajamanas (spiritual disciples).Then they went to the Swayamvara of the Princess of Panchala.",Pandavas,went to,asylum
50,"The Pandavas went to Utkochaka, the sacred asylum of Dhaumya, and they got the blessings of Brahmana, their priest.He made them his Yajamanas (spiritual disciples).Then they went to the Swayamvara of the Princess of Panchala.",Pandavas,went to,sacred asylum of Dhaumya
51,"The Pandavas went to Utkochaka, the sacred asylum of Dhaumya, and they got the blessings of Brahmana, their priest.He made them his Yajamanas (spiritual disciples).Then they went to the Swayamvara of the Princess of Panchala.",they,got,blessings
52,"The Pandavas went to Utkochaka, the sacred asylum of Dhaumya, and they got the blessings of Brahmana, their priest.He made them his Yajamanas (spiritual disciples).Then they went to the Swayamvara of the Princess of Panchala.",Pandavas,went to,Utkochaka
53,"The Pandavas went to Utkochaka, the sacred asylum of Dhaumya, and they got the blessings of Brahmana, their priest.He made them his Yajamanas (spiritual disciples).Then they went to the Swayamvara of the Princess of Panchala.",Pandavas,went to,sacred asylum
54,"The Pandavas went to Utkochaka, the sacred asylum of Dhaumya, and they got the blessings of Brahmana, their priest.He made them his Yajamanas (spiritual disciples).Then they went to the Swayamvara of the Princess of Panchala.",they,blessings of,Brahmana
55,"The Pandavas went to Utkochaka, the sacred asylum of Dhaumya, and they got the blessings of Brahmana, their priest.He made them his Yajamanas (spiritual disciples).Then they went to the Swayamvara of the Princess of Panchala.",Pandavas,went to,asylum of Dhaumya
56,"The Pandavas went to Utkochaka, the sacred asylum of Dhaumya, and they got the blessings of Brahmana, their priest.He made them his Yajamanas (spiritual disciples).Then they went to the Swayamvara of the Princess of Panchala.",Utkochaka,asylum of,Dhaumya
57,"The Pandavas went to Utkochaka, the sacred asylum of Dhaumya, and they got the blessings of Brahmana, their priest.He made them his Yajamanas (spiritual disciples).Then they went to the Swayamvara of the Princess of Panchala.",they,went to,Swayamvara
58,"The Pandavas went to Utkochaka, the sacred asylum of Dhaumya, and they got the blessings of Brahmana, their priest.He made them his Yajamanas (spiritual disciples).Then they went to the Swayamvara of the Princess of Panchala.",they,went to,Swayamvara of Princess
59,"The Pandavas went to Utkochaka, the sacred asylum of Dhaumya, and they got the blessings of Brahmana, their priest.He made them his Yajamanas (spiritual disciples).Then they went to the Swayamvara of the Princess of Panchala.",they,went to,Swayamvara of Princess of Panchala
60,"The Pandavas are going to Panchala to see Draupadi's marriage.The Brahmanas are coming from Ekachakra to the abode of Drupada in the country of the Panchalas to see the Swayamvara.They will also be there to witness the festivities of the wedding of the daughter of Yajnasena, who will choose a husband from the invited princes.",Pandavas,are going,to see
61,"The Pandavas are going to Panchala to see Draupadi's marriage.The Brahmanas are coming from Ekachakra to the abode of Drupada in the country of the Panchalas to see the Swayamvara.They will also be there to witness the festivities of the wedding of the daughter of Yajnasena, who will choose a husband from the invited princes.",Pandavas are going,witness,festivities
62,"The Pandavas are going to Panchala to see Draupadi's marriage.The Brahmanas are coming from Ekachakra to the abode of Drupada in the country of the Panchalas to see the Swayamvara.They will also be there to witness the festivities of the wedding of the daughter of Yajnasena, who will choose a husband from the invited princes.",Pandavas,are going,see
63,"The Pandavas are going to Panchala to see Draupadi's marriage.The Brahmanas are coming from Ekachakra to the abode of Drupada in the country of the Panchalas to see the Swayamvara.They will also be there to witness the festivities of the wedding of the daughter of Yajnasena, who will choose a husband from the invited princes.",abode,is in,country of Panchalas
64,"The Pandavas are going to Panchala to see Draupadi's marriage.The Brahmanas are coming from Ekachakra to the abode of Drupada in the country of the Panchalas to see the Swayamvara.They will also be there to witness the festivities of the wedding of the daughter of Yajnasena, who will choose a husband from the invited princes.",Pandavas,see,Draupadi 's marriage.The Brahmanas
65,"The Pandavas are going to Panchala to see Draupadi's marriage.The Brahmanas are coming from Ekachakra to the abode of Drupada in the country of the Panchalas to see the Swayamvara.They will also be there to witness the festivities of the wedding of the daughter of Yajnasena, who will choose a husband from the invited princes.",Draupadi,has,marriage.The Brahmanas
66,"The Pandavas are going to Panchala to see Draupadi's marriage.The Brahmanas are coming from Ekachakra to the abode of Drupada in the country of the Panchalas to see the Swayamvara.They will also be there to witness the festivities of the wedding of the daughter of Yajnasena, who will choose a husband from the invited princes.",Pandavas,are going to,Panchala
67,"Brahmanas will go with Yudhishthira to witness Swayamvara's jubilee to witness the maiden's maiden's wedding.Yudhistthira is excited about it.  .  ""Yeu",maiden,has,wedding.Yudhistthira
68,"Brahmanas will go with Yudhishthira to witness Swayamvara's jubilee to witness the maiden's maiden's wedding.Yudhistthira is excited about it.  .  ""Yeu",Swayamvara,has,jubilee
69,"Brahmanas will go with Yudhishthira to witness Swayamvara's jubilee to witness the maiden's maiden's wedding.Yudhistthira is excited about it.  .  ""Yeu",Brahmanas,will go,with Yudhishthira witness
70,"Brahmanas will go with Yudhishthira to witness Swayamvara's jubilee to witness the maiden's maiden's wedding.Yudhistthira is excited about it.  .  ""Yeu",Yudhishthira,witness,witness
71,"Brahmanas will go with Yudhishthira to witness Swayamvara's jubilee to witness the maiden's maiden's wedding.Yudhistthira is excited about it.  .  ""Yeu",maiden,has,maiden
72,"Brahmanas will go with Yudhishthira to witness Swayamvara's jubilee to witness the maiden's maiden's wedding.Yudhistthira is excited about it.  .  ""Yeu",Swayamvara 's jubilee,witness,maiden 's maiden 's wedding.Yudhistthira
73,"Brahmanas will go with Yudhishthira to witness Swayamvara's jubilee to witness the maiden's maiden's wedding.Yudhistthira is excited about it.  .  ""Yeu",Yudhishthira,witness,Swayamvara 's jubilee
74,"Brahmanas will go with Yudhishthira to witness Swayamvara's jubilee to witness the maiden's maiden's wedding.Yudhistthira is excited about it.  .  ""Yeu",Brahmanas,will go,Yudhishthira to witness
75,"Brahmanas will go with Yudhishthira to witness Swayamvara's jubilee to witness the maiden's maiden's wedding.Yudhistthira is excited about it.  .  ""Yeu",Yudhishthira,witness,to witness
76,"Brahmanas will go with Yudhishthira to witness Swayamvara's jubilee to witness the maiden's maiden's wedding.Yudhistthira is excited about it.  .  ""Yeu",Brahmanas,will go,with Yudhishthira to witness
77,"Brahmanas will go with Yudhishthira to witness Swayamvara's jubilee to witness the maiden's maiden's wedding.Yudhistthira is excited about it.  .  ""Yeu",Brahmanas will go,is excited about,it
78,"Brahmanas will go with Yudhishthira to witness Swayamvara's jubilee to witness the maiden's maiden's wedding.Yudhistthira is excited about it.  .  ""Yeu",Brahmanas,will go,Yudhishthira witness
79,"Brahmanas will go with Yudhishthira to witness Swayamvara's jubilee to witness the maiden's maiden's wedding.Yudhistthira is excited about it.  .  ""Yeu",Brahmanas will go,is,excited
80,The Pandavas entered the country of the Panchalas ruled by the king Drupada.They took up quarters in the house of a potter and adopted the Brahmanical profession.No one recognised them during their stay in Drupado's capital.,Drupada.They,took up quarters in,house of potter
81,The Pandavas entered the country of the Panchalas ruled by the king Drupada.They took up quarters in the house of a potter and adopted the Brahmanical profession.No one recognised them during their stay in Drupado's capital.,Brahmanical profession.No,recognised during,their stay
82,The Pandavas entered the country of the Panchalas ruled by the king Drupada.They took up quarters in the house of a potter and adopted the Brahmanical profession.No one recognised them during their stay in Drupado's capital.,Drupada.They,took up,quarters
83,The Pandavas entered the country of the Panchalas ruled by the king Drupada.They took up quarters in the house of a potter and adopted the Brahmanical profession.No one recognised them during their stay in Drupado's capital.,Brahmanical profession.No,recognised,them
84,The Pandavas entered the country of the Panchalas ruled by the king Drupada.They took up quarters in the house of a potter and adopted the Brahmanical profession.No one recognised them during their stay in Drupado's capital.,Brahmanical profession.No one,recognised during,their stay
85,The Pandavas entered the country of the Panchalas ruled by the king Drupada.They took up quarters in the house of a potter and adopted the Brahmanical profession.No one recognised them during their stay in Drupado's capital.,Drupada.They,took up in,house
86,The Pandavas entered the country of the Panchalas ruled by the king Drupada.They took up quarters in the house of a potter and adopted the Brahmanical profession.No one recognised them during their stay in Drupado's capital.,Brahmanical profession.No one,recognised,them
87,The Pandavas entered the country of the Panchalas ruled by the king Drupada.They took up quarters in the house of a potter and adopted the Brahmanical profession.No one recognised them during their stay in Drupado's capital.,their stay,is in,Drupado 's capital
88,The Pandavas entered the country of the Panchalas ruled by the king Drupada.They took up quarters in the house of a potter and adopted the Brahmanical profession.No one recognised them during their stay in Drupado's capital.,Brahmanical profession.No,recognised during,their stay in Drupado 's capital
89,The Pandavas entered the country of the Panchalas ruled by the king Drupada.They took up quarters in the house of a potter and adopted the Brahmanical profession.No one recognised them during their stay in Drupado's capital.,Brahmanical profession.No one,recognised during,their stay in Drupado 's capital
90,The Pandavas entered the country of the Panchalas ruled by the king Drupada.They took up quarters in the house of a potter and adopted the Brahmanical profession.No one recognised them during their stay in Drupado's capital.,Drupada.They,took up quarters in,house
91,The Pandavas entered the country of the Panchalas ruled by the king Drupada.They took up quarters in the house of a potter and adopted the Brahmanical profession.No one recognised them during their stay in Drupado's capital.,Drupada.They,took up in,house of potter
92,The Pandavas entered the country of the Panchalas ruled by the king Drupada.They took up quarters in the house of a potter and adopted the Brahmanical profession.No one recognised them during their stay in Drupado's capital.,Drupado,in,capital
93,"Yajnasena always wanted to bestow his daughter on Kiriti (Arjuna), the son of Pandu.O Janamejaya, the king of Panchala, made a very stiff bow that was incapable of being bent by anyone except Arjuna.Drupada said, 'He that will string this bow and with these well-adorned arrows shoot the mark above the machine shall obtain my daughter'",Yajnasena,wanted,bestow on Kiriti
94,"Yajnasena always wanted to bestow his daughter on Kiriti (Arjuna), the son of Pandu.O Janamejaya, the king of Panchala, made a very stiff bow that was incapable of being bent by anyone except Arjuna.Drupada said, 'He that will string this bow and with these well-adorned arrows shoot the mark above the machine shall obtain my daughter'",arrows,shoot,mark above machine
95,"Yajnasena always wanted to bestow his daughter on Kiriti (Arjuna), the son of Pandu.O Janamejaya, the king of Panchala, made a very stiff bow that was incapable of being bent by anyone except Arjuna.Drupada said, 'He that will string this bow and with these well-adorned arrows shoot the mark above the machine shall obtain my daughter'",Yajnasena,always wanted,to bestow on Kiriti
96,"Yajnasena always wanted to bestow his daughter on Kiriti (Arjuna), the son of Pandu.O Janamejaya, the king of Panchala, made a very stiff bow that was incapable of being bent by anyone except Arjuna.Drupada said, 'He that will string this bow and with these well-adorned arrows shoot the mark above the machine shall obtain my daughter'",that,obtain,my daughter
97,"Yajnasena always wanted to bestow his daughter on Kiriti (Arjuna), the son of Pandu.O Janamejaya, the king of Panchala, made a very stiff bow that was incapable of being bent by anyone except Arjuna.Drupada said, 'He that will string this bow and with these well-adorned arrows shoot the mark above the machine shall obtain my daughter'",adorned arrows,shoot,mark above machine
98,"Yajnasena always wanted to bestow his daughter on Kiriti (Arjuna), the son of Pandu.O Janamejaya, the king of Panchala, made a very stiff bow that was incapable of being bent by anyone except Arjuna.Drupada said, 'He that will string this bow and with these well-adorned arrows shoot the mark above the machine shall obtain my daughter'",Yajnasena,always wanted,bestow on Kiriti
99,"Yajnasena always wanted to bestow his daughter on Kiriti (Arjuna), the son of Pandu.O Janamejaya, the king of Panchala, made a very stiff bow that was incapable of being bent by anyone except Arjuna.Drupada said, 'He that will string this bow and with these well-adorned arrows shoot the mark above the machine shall obtain my daughter'",Yajnasena,wanted,to bestow
100,"Yajnasena always wanted to bestow his daughter on Kiriti (Arjuna), the son of Pandu.O Janamejaya, the king of Panchala, made a very stiff bow that was incapable of being bent by anyone except Arjuna.Drupada said, 'He that will string this bow and with these well-adorned arrows shoot the mark above the machine shall obtain my daughter'",Kiriti,son of,Pandu.O Janamejaya
101,"Yajnasena always wanted to bestow his daughter on Kiriti (Arjuna), the son of Pandu.O Janamejaya, the king of Panchala, made a very stiff bow that was incapable of being bent by anyone except Arjuna.Drupada said, 'He that will string this bow and with these well-adorned arrows shoot the mark above the machine shall obtain my daughter'",Yajnasena,bestow on,Arjuna
102,"Yajnasena always wanted to bestow his daughter on Kiriti (Arjuna), the son of Pandu.O Janamejaya, the king of Panchala, made a very stiff bow that was incapable of being bent by anyone except Arjuna.Drupada said, 'He that will string this bow and with these well-adorned arrows shoot the mark above the machine shall obtain my daughter'",adorned arrows,shoot,mark
103,"Yajnasena always wanted to bestow his daughter on Kiriti (Arjuna), the son of Pandu.O Janamejaya, the king of Panchala, made a very stiff bow that was incapable of being bent by anyone except Arjuna.Drupada said, 'He that will string this bow and with these well-adorned arrows shoot the mark above the machine shall obtain my daughter'",Yajnasena,bestow on,son of Pandu.O Janamejaya
104,"Yajnasena always wanted to bestow his daughter on Kiriti (Arjuna), the son of Pandu.O Janamejaya, the king of Panchala, made a very stiff bow that was incapable of being bent by anyone except Arjuna.Drupada said, 'He that will string this bow and with these well-adorned arrows shoot the mark above the machine shall obtain my daughter'",Kiriti,king of,Panchala
105,"Yajnasena always wanted to bestow his daughter on Kiriti (Arjuna), the son of Pandu.O Janamejaya, the king of Panchala, made a very stiff bow that was incapable of being bent by anyone except Arjuna.Drupada said, 'He that will string this bow and with these well-adorned arrows shoot the mark above the machine shall obtain my daughter'",Yajnasena,bestow on,Kiriti
106,"Yajnasena always wanted to bestow his daughter on Kiriti (Arjuna), the son of Pandu.O Janamejaya, the king of Panchala, made a very stiff bow that was incapable of being bent by anyone except Arjuna.Drupada said, 'He that will string this bow and with these well-adorned arrows shoot the mark above the machine shall obtain my daughter'",Yajnasena,always wanted,bestow
107,"Yajnasena always wanted to bestow his daughter on Kiriti (Arjuna), the son of Pandu.O Janamejaya, the king of Panchala, made a very stiff bow that was incapable of being bent by anyone except Arjuna.Drupada said, 'He that will string this bow and with these well-adorned arrows shoot the mark above the machine shall obtain my daughter'",arrows,shoot,mark
108,"Yajnasena always wanted to bestow his daughter on Kiriti (Arjuna), the son of Pandu.O Janamejaya, the king of Panchala, made a very stiff bow that was incapable of being bent by anyone except Arjuna.Drupada said, 'He that will string this bow and with these well-adorned arrows shoot the mark above the machine shall obtain my daughter'",Yajnasena,bestow,his daughter
109,"Yajnasena always wanted to bestow his daughter on Kiriti (Arjuna), the son of Pandu.O Janamejaya, the king of Panchala, made a very stiff bow that was incapable of being bent by anyone except Arjuna.Drupada said, 'He that will string this bow and with these well-adorned arrows shoot the mark above the machine shall obtain my daughter'",Yajnasena,bestow on,son
110,"Yajnasena always wanted to bestow his daughter on Kiriti (Arjuna), the son of Pandu.O Janamejaya, the king of Panchala, made a very stiff bow that was incapable of being bent by anyone except Arjuna.Drupada said, 'He that will string this bow and with these well-adorned arrows shoot the mark above the machine shall obtain my daughter'",Yajnasena,bestow on,king
111,"Yajnasena always wanted to bestow his daughter on Kiriti (Arjuna), the son of Pandu.O Janamejaya, the king of Panchala, made a very stiff bow that was incapable of being bent by anyone except Arjuna.Drupada said, 'He that will string this bow and with these well-adorned arrows shoot the mark above the machine shall obtain my daughter'",Yajnasena,always wanted,to bestow
112,"Yajnasena always wanted to bestow his daughter on Kiriti (Arjuna), the son of Pandu.O Janamejaya, the king of Panchala, made a very stiff bow that was incapable of being bent by anyone except Arjuna.Drupada said, 'He that will string this bow and with these well-adorned arrows shoot the mark above the machine shall obtain my daughter'",He,string,bow
113,"Yajnasena always wanted to bestow his daughter on Kiriti (Arjuna), the son of Pandu.O Janamejaya, the king of Panchala, made a very stiff bow that was incapable of being bent by anyone except Arjuna.Drupada said, 'He that will string this bow and with these well-adorned arrows shoot the mark above the machine shall obtain my daughter'",Yajnasena,bestow on,king of Panchala
114,"Yajnasena always wanted to bestow his daughter on Kiriti (Arjuna), the son of Pandu.O Janamejaya, the king of Panchala, made a very stiff bow that was incapable of being bent by anyone except Arjuna.Drupada said, 'He that will string this bow and with these well-adorned arrows shoot the mark above the machine shall obtain my daughter'",Yajnasena,wanted,bestow
115,"Yajnasena always wanted to bestow his daughter on Kiriti (Arjuna), the son of Pandu.O Janamejaya, the king of Panchala, made a very stiff bow that was incapable of being bent by anyone except Arjuna.Drupada said, 'He that will string this bow and with these well-adorned arrows shoot the mark above the machine shall obtain my daughter'",Yajnasena,wanted,to bestow on Kiriti
116,King Drupada proclaimed the Swayamvara.King Duryodhana and the Kurus accompanied by Kama came to his capital.The monarch entered the grand amphitheatre by the north-eastern gate.It was surrounded by mansions with high walls and a moat.The windows of the mansions were covered with net works of gold.The walls were set with diamonds and precious costly carpets and cloths.,entered,were,set
117,King Drupada proclaimed the Swayamvara.King Duryodhana and the Kurus accompanied by Kama came to his capital.The monarch entered the grand amphitheatre by the north-eastern gate.It was surrounded by mansions with high walls and a moat.The windows of the mansions were covered with net works of gold.The walls were set with diamonds and precious costly carpets and cloths.,mansions,is with,high walls
118,King Drupada proclaimed the Swayamvara.King Duryodhana and the Kurus accompanied by Kama came to his capital.The monarch entered the grand amphitheatre by the north-eastern gate.It was surrounded by mansions with high walls and a moat.The windows of the mansions were covered with net works of gold.The walls were set with diamonds and precious costly carpets and cloths.,King Drupada,proclaimed,Swayamvara.King Duryodhana accompanied
119,The Pandavas and the Brahmanas were watching the performance of the king of the Panchalas.,Brahmanas,were watching,performance of king
120,The Pandavas and the Brahmanas were watching the performance of the king of the Panchalas.,Brahmanas,were watching,performance
121,The Pandavas and the Brahmanas were watching the performance of the king of the Panchalas.,Pandavas,were watching,performance of king of Panchalas
122,The Pandavas and the Brahmanas were watching the performance of the king of the Panchalas.,Pandavas,were watching,performance
123,The Pandavas and the Brahmanas were watching the performance of the king of the Panchalas.,Pandavas,were watching,performance of king
124,The Pandavas and the Brahmanas were watching the performance of the king of the Panchalas.,Brahmanas,were watching,performance of king of Panchalas
125,Drupada's daughter entered the amphitheatre with a dish of gold and a garland of flowers.,Drupada,has,daughter
126,Drupada's daughter entered the amphitheatre with a dish of gold and a garland of flowers.,Drupada 's daughter,entered with,dish
127,Drupada's daughter entered the amphitheatre with a dish of gold and a garland of flowers.,Drupada 's daughter,entered amphitheatre with,dish
128,Drupada's daughter entered the amphitheatre with a dish of gold and a garland of flowers.,Drupada 's daughter,entered amphitheatre with,dish of gold
129,Drupada's daughter entered the amphitheatre with a dish of gold and a garland of flowers.,Drupada 's daughter,entered with,dish of gold
130,Drupada's daughter entered the amphitheatre with a dish of gold and a garland of flowers.,Drupada 's daughter,entered,amphitheatre
131,Drupada's son recited to his sister the names and lineages of the assembled lords of the earth.,Drupada 's son,recited,names of assembled lords of earth
132,Drupada's son recited to his sister the names and lineages of the assembled lords of the earth.,Drupada 's son,recited,names of assembled lords
133,Drupada's son recited to his sister the names and lineages of the assembled lords of the earth.,Drupada 's son,recited to,his sister
134,Drupada's son recited to his sister the names and lineages of the assembled lords of the earth.,Drupada 's son,recited names to,his sister
135,Drupada's son recited to his sister the names and lineages of the assembled lords of the earth.,Drupada,has,son
136,Drupada's son recited to his sister the names and lineages of the assembled lords of the earth.,Drupada 's son,recited,names of lords of earth
137,Drupada's son recited to his sister the names and lineages of the assembled lords of the earth.,Drupada 's son,recited,names
138,Drupada's son recited to his sister the names and lineages of the assembled lords of the earth.,Drupada 's son,recited,names of lords
139,"""Dhrishtadyumna said, 'Duryodhana, Durvisaha, Durmukha, Vivinsati, Vikarna, Saha, Duhsasana, Yuyutsu, Vayuvega, Kanakayu, Virochana, Suvarcha, and Kanakadhwaja have come from Dhritarashtra's land.Sakuni, Sauvala, Vrisaka, and Vrihadvala of the king Gandhara have also come .Aswatthaman and Bhoja of the Kshatriyas have come.",Dhritarashtra,from,land.Sakuni
140,"Vaisampayana describes the scene of the wedding of Draupadi in which the Kshatriyas, princes, celestials, the Adityas, the Vasus, the Aswins, the Swadhas, the Marutas, and Kuvera with Yama were present.",Marutas,were,present
141,"Vaisampayana describes the scene of the wedding of Draupadi in which the Kshatriyas, princes, celestials, the Adityas, the Vasus, the Aswins, the Swadhas, the Marutas, and Kuvera with Yama were present.",Kuvera,were,present
142,"Vaisampayana describes the scene of the wedding of Draupadi in which the Kshatriyas, princes, celestials, the Adityas, the Vasus, the Aswins, the Swadhas, the Marutas, and Kuvera with Yama were present.",Vaisampayana,describes,scene of wedding
143,"Vaisampayana describes the scene of the wedding of Draupadi in which the Kshatriyas, princes, celestials, the Adityas, the Vasus, the Aswins, the Swadhas, the Marutas, and Kuvera with Yama were present.",Vasus,were,present
144,"Vaisampayana describes the scene of the wedding of Draupadi in which the Kshatriyas, princes, celestials, the Adityas, the Vasus, the Aswins, the Swadhas, the Marutas, and Kuvera with Yama were present.",Kshatriyas,were,present
145,"Vaisampayana describes the scene of the wedding of Draupadi in which the Kshatriyas, princes, celestials, the Adityas, the Vasus, the Aswins, the Swadhas, the Marutas, and Kuvera with Yama were present.",Swadhas,were,present
146,"Vaisampayana describes the scene of the wedding of Draupadi in which the Kshatriyas, princes, celestials, the Adityas, the Vasus, the Aswins, the Swadhas, the Marutas, and Kuvera with Yama were present.",Kuvera,is with,Yama
147,"Vaisampayana describes the scene of the wedding of Draupadi in which the Kshatriyas, princes, celestials, the Adityas, the Vasus, the Aswins, the Swadhas, the Marutas, and Kuvera with Yama were present.",princes,Kuvera with,Yama
148,"Vaisampayana describes the scene of the wedding of Draupadi in which the Kshatriyas, princes, celestials, the Adityas, the Vasus, the Aswins, the Swadhas, the Marutas, and Kuvera with Yama were present.",Vaisampayana,describes,scene
149,"Vaisampayana describes the scene of the wedding of Draupadi in which the Kshatriyas, princes, celestials, the Adityas, the Vasus, the Aswins, the Swadhas, the Marutas, and Kuvera with Yama were present.",Adityas,were,present
150,"Vaisampayana describes the scene of the wedding of Draupadi in which the Kshatriyas, princes, celestials, the Adityas, the Vasus, the Aswins, the Swadhas, the Marutas, and Kuvera with Yama were present.",celestials,were,present
151,"Vaisampayana describes the scene of the wedding of Draupadi in which the Kshatriyas, princes, celestials, the Adityas, the Vasus, the Aswins, the Swadhas, the Marutas, and Kuvera with Yama were present.",Aswins,were,present
152,"Vaisampayana describes the scene of the wedding of Draupadi in which the Kshatriyas, princes, celestials, the Adityas, the Vasus, the Aswins, the Swadhas, the Marutas, and Kuvera with Yama were present.",princes,were,present
153,"Karna, the foremost wielder of the bow, strung the bow and placed the arrows on the string.",Karna,wielder of,bow
154,"Karna, the foremost wielder of the bow, strung the bow and placed the arrows on the string.",Karna,strung,bow
155,"Karna, the foremost wielder of the bow, strung the bow and placed the arrows on the string.",Karna,placed arrows on,string
156,"Karna, the foremost wielder of the bow, strung the bow and placed the arrows on the string.",Karna,placed on,string
157,"Karna, the foremost wielder of the bow, strung the bow and placed the arrows on the string.",Karna,placed,arrows
158,"Draupadi refused to choose a Suta for her lord, so Karna threw the bow aside and drew a circle around the bow.",Draupadi,refused,choose for her lord
159,"Draupadi refused to choose a Suta for her lord, so Karna threw the bow aside and drew a circle around the bow.",Draupadi,refused,choose
160,"Draupadi refused to choose a Suta for her lord, so Karna threw the bow aside and drew a circle around the bow.",Draupadi,choose,Suta
161,"Draupadi refused to choose a Suta for her lord, so Karna threw the bow aside and drew a circle around the bow.",Karna,drew circle around,bow
162,"Draupadi refused to choose a Suta for her lord, so Karna threw the bow aside and drew a circle around the bow.",Draupadi,refused,to choose
163,"Draupadi refused to choose a Suta for her lord, so Karna threw the bow aside and drew a circle around the bow.",Karna,so threw aside,bow
164,"Draupadi refused to choose a Suta for her lord, so Karna threw the bow aside and drew a circle around the bow.",Karna,so threw,bow
165,"Draupadi refused to choose a Suta for her lord, so Karna threw the bow aside and drew a circle around the bow.",Draupadi,choose for,her lord
166,"Draupadi refused to choose a Suta for her lord, so Karna threw the bow aside and drew a circle around the bow.",Draupadi,refused,to choose for her lord
167,"Draupadi refused to choose a Suta for her lord, so Karna threw the bow aside and drew a circle around the bow.",Karna,drew,circle
168,"Draupadi refused to choose a Suta for her lord, so Karna threw the bow aside and drew a circle around the bow.",Draupadi,refuses to choose Suta for,her lord
169,"Draupadi refused to choose a Suta for her lord, so Karna threw the bow aside and drew a circle around the bow.",Karna,threw,bow
170,"Draupadi refused to choose a Suta for her lord, so Karna threw the bow aside and drew a circle around the bow.",Karna,drew around,bow
171,"Draupadi refused to choose a Suta for her lord, so Karna threw the bow aside and drew a circle around the bow.",Karna,threw aside,bow
172,"Sisupala, Jarasandha, Jishnu, the son of Kunti, and Salya, the king of Madra, fell upon their knees trying to string the bow.They became subjects of derisive talk, but foremost of heroes Jishna managed to do it.",Salya,fell upon,their knees
173,"Sisupala, Jarasandha, Jishnu, the son of Kunti, and Salya, the king of Madra, fell upon their knees trying to string the bow.They became subjects of derisive talk, but foremost of heroes Jishna managed to do it.",Sisupala,king of,Madra
174,"Sisupala, Jarasandha, Jishnu, the son of Kunti, and Salya, the king of Madra, fell upon their knees trying to string the bow.They became subjects of derisive talk, but foremost of heroes Jishna managed to do it.",Jishnu,fell upon,their knees trying
175,"Sisupala, Jarasandha, Jishnu, the son of Kunti, and Salya, the king of Madra, fell upon their knees trying to string the bow.They became subjects of derisive talk, but foremost of heroes Jishna managed to do it.",Sisupala,fell upon,their knees
176,"Sisupala, Jarasandha, Jishnu, the son of Kunti, and Salya, the king of Madra, fell upon their knees trying to string the bow.They became subjects of derisive talk, but foremost of heroes Jishna managed to do it.",son,fell upon,their knees trying
177,"Sisupala, Jarasandha, Jishnu, the son of Kunti, and Salya, the king of Madra, fell upon their knees trying to string the bow.They became subjects of derisive talk, but foremost of heroes Jishna managed to do it.",Salya,fell upon,their knees trying
178,"Sisupala, Jarasandha, Jishnu, the son of Kunti, and Salya, the king of Madra, fell upon their knees trying to string the bow.They became subjects of derisive talk, but foremost of heroes Jishna managed to do it.",Sisupala,fell upon,their knees trying
179,"Sisupala, Jarasandha, Jishnu, the son of Kunti, and Salya, the king of Madra, fell upon their knees trying to string the bow.They became subjects of derisive talk, but foremost of heroes Jishna managed to do it.",Jishnu,fell upon,their knees trying to string
180,"Sisupala, Jarasandha, Jishnu, the son of Kunti, and Salya, the king of Madra, fell upon their knees trying to string the bow.They became subjects of derisive talk, but foremost of heroes Jishna managed to do it.",Jarasandha,fell upon,their knees
181,"Sisupala, Jarasandha, Jishnu, the son of Kunti, and Salya, the king of Madra, fell upon their knees trying to string the bow.They became subjects of derisive talk, but foremost of heroes Jishna managed to do it.",Jarasandha,fell upon,their knees trying to string
182,"Sisupala, Jarasandha, Jishnu, the son of Kunti, and Salya, the king of Madra, fell upon their knees trying to string the bow.They became subjects of derisive talk, but foremost of heroes Jishna managed to do it.",son,fell upon,their knees trying to string
183,"Sisupala, Jarasandha, Jishnu, the son of Kunti, and Salya, the king of Madra, fell upon their knees trying to string the bow.They became subjects of derisive talk, but foremost of heroes Jishna managed to do it.",Jishnu,fell upon,their knees
184,"Sisupala, Jarasandha, Jishnu, the son of Kunti, and Salya, the king of Madra, fell upon their knees trying to string the bow.They became subjects of derisive talk, but foremost of heroes Jishna managed to do it.",Salya,fell upon,their knees trying to string
185,"Sisupala, Jarasandha, Jishnu, the son of Kunti, and Salya, the king of Madra, fell upon their knees trying to string the bow.They became subjects of derisive talk, but foremost of heroes Jishna managed to do it.",Jarasandha,fell upon,their knees trying
186,"Sisupala, Jarasandha, Jishnu, the son of Kunti, and Salya, the king of Madra, fell upon their knees trying to string the bow.They became subjects of derisive talk, but foremost of heroes Jishna managed to do it.",son,fell upon,their knees
187,"Sisupala, Jarasandha, Jishnu, the son of Kunti, and Salya, the king of Madra, fell upon their knees trying to string the bow.They became subjects of derisive talk, but foremost of heroes Jishna managed to do it.",Sisupala,fell upon,their knees trying to string
188,Brahmanas were displeased when the monarchs had stopped stringing the bow.Arjuna took up the bow and strung it with great exertion and resolve.Vaisampayana explains that there is nothing in the world that Brahmanas of all mortal men cannot accomplish.,Brahmanas,were,displeased
189,Brahmanas were displeased when the monarchs had stopped stringing the bow.Arjuna took up the bow and strung it with great exertion and resolve.Vaisampayana explains that there is nothing in the world that Brahmanas of all mortal men cannot accomplish.,nothing,is in,world
190,Brahmanas were displeased when the monarchs had stopped stringing the bow.Arjuna took up the bow and strung it with great exertion and resolve.Vaisampayana explains that there is nothing in the world that Brahmanas of all mortal men cannot accomplish.,bow.Arjuna,strung with,great exertion
191,Brahmanas were displeased when the monarchs had stopped stringing the bow.Arjuna took up the bow and strung it with great exertion and resolve.Vaisampayana explains that there is nothing in the world that Brahmanas of all mortal men cannot accomplish.,bow.Arjuna,strung,it
192,Brahmanas were displeased when the monarchs had stopped stringing the bow.Arjuna took up the bow and strung it with great exertion and resolve.Vaisampayana explains that there is nothing in the world that Brahmanas of all mortal men cannot accomplish.,bow.Arjuna,strung with,exertion
193,Brahmanas were displeased when the monarchs had stopped stringing the bow.Arjuna took up the bow and strung it with great exertion and resolve.Vaisampayana explains that there is nothing in the world that Brahmanas of all mortal men cannot accomplish.,bow.Arjuna,took up,bow
194,Drupada wanted to bestow his daughter on a Brahmana.All the monarchs who had been invited to the Swayamvara were filled with wrath.Vaisampayana said that the Vedic declaration is well-known.The Brahmanas have no claim in respect of a Kshatriya damsel.,Drupada,wanted,to bestow
195,Drupada wanted to bestow his daughter on a Brahmana.All the monarchs who had been invited to the Swayamvara were filled with wrath.Vaisampayana said that the Vedic declaration is well-known.The Brahmanas have no claim in respect of a Kshatriya damsel.,Drupada,wanted,bestow
196,Drupada wanted to bestow his daughter on a Brahmana.All the monarchs who had been invited to the Swayamvara were filled with wrath.Vaisampayana said that the Vedic declaration is well-known.The Brahmanas have no claim in respect of a Kshatriya damsel.,Drupada,bestow,his daughter
197,"The Kuru princes Bhima, Jishnu, Damodara, Valadeva, Vrikodara and Yudhishthira, along with their mother Pritha, escaped from the clutches of the Kaurava monarchs.",their,mother,Pritha
198,"The Kuru princes Bhima, Jishnu, Damodara, Valadeva, Vrikodara and Yudhishthira, along with their mother Pritha, escaped from the clutches of the Kaurava monarchs.",Kuru princes,escaped from,clutches
199,"The Kuru princes Bhima, Jishnu, Damodara, Valadeva, Vrikodara and Yudhishthira, along with their mother Pritha, escaped from the clutches of the Kaurava monarchs.",Kuru princes,escaped along,their mother
200,"The Kuru princes Bhima, Jishnu, Damodara, Valadeva, Vrikodara and Yudhishthira, along with their mother Pritha, escaped from the clutches of the Kaurava monarchs.",Kuru princes,escaped from,clutches of Kaurava monarchs
201,"The Kuru princes Bhima, Jishnu, Damodara, Valadeva, Vrikodara and Yudhishthira, along with their mother Pritha, escaped from the clutches of the Kaurava monarchs.",Kuru princes,escaped along,Pritha
202,"Arjuna, Bhima, Karna and Radheya were fighting against the Brahmanas.Arjuna fired hundreds of arrows at them.Karna, the son of Vikartana (Surya), pieced him with his sharp arrows.They both became invisible.",Karna,were fighting against,Brahmanas.Arjuna
203,"Arjuna, Bhima, Karna and Radheya were fighting against the Brahmanas.Arjuna fired hundreds of arrows at them.Karna, the son of Vikartana (Surya), pieced him with his sharp arrows.They both became invisible.",Radheya,were fighting against,Brahmanas.Arjuna
204,"Arjuna, Bhima, Karna and Radheya were fighting against the Brahmanas.Arjuna fired hundreds of arrows at them.Karna, the son of Vikartana (Surya), pieced him with his sharp arrows.They both became invisible.",them.Karna,son of,Vikartana
205,"Arjuna, Bhima, Karna and Radheya were fighting against the Brahmanas.Arjuna fired hundreds of arrows at them.Karna, the son of Vikartana (Surya), pieced him with his sharp arrows.They both became invisible.",Arjuna,were fighting against,Brahmanas.Arjuna
206,"Arjuna, Bhima, Karna and Radheya were fighting against the Brahmanas.Arjuna fired hundreds of arrows at them.Karna, the son of Vikartana (Surya), pieced him with his sharp arrows.They both became invisible.",Bhima,were fighting against,Brahmanas.Arjuna
207,"Bhima, Karna, Salya and Vrikodara engaged in a fight.Bhima, the foremost of the Kuru heroes, hurled Saly a distance.Bhimasena surprised all by the dexterity of his feat.The othermonarchs were alarmed and surrounded Bhima and surrounded him.",distance.Bhimasena,surprised by,all dexterity of his feat.The othermonarchs
208,"Bhima, Karna, Salya and Vrikodara engaged in a fight.Bhima, the foremost of the Kuru heroes, hurled Saly a distance.Bhimasena surprised all by the dexterity of his feat.The othermonarchs were alarmed and surrounded Bhima and surrounded him.",Karna,engaged in,fight.Bhima
209,"Bhima, Karna, Salya and Vrikodara engaged in a fight.Bhima, the foremost of the Kuru heroes, hurled Saly a distance.Bhimasena surprised all by the dexterity of his feat.The othermonarchs were alarmed and surrounded Bhima and surrounded him.",Vrikodara,engaged in,fight.Bhima
210,"Bhima, Karna, Salya and Vrikodara engaged in a fight.Bhima, the foremost of the Kuru heroes, hurled Saly a distance.Bhimasena surprised all by the dexterity of his feat.The othermonarchs were alarmed and surrounded Bhima and surrounded him.",Salya,engaged in,fight.Bhima
211,"Bhima, Karna, Salya and Vrikodara engaged in a fight.Bhima, the foremost of the Kuru heroes, hurled Saly a distance.Bhimasena surprised all by the dexterity of his feat.The othermonarchs were alarmed and surrounded Bhima and surrounded him.",Saly,surprised by,dexterity of his feat.The othermonarchs
212,"Bhima, Karna, Salya and Vrikodara engaged in a fight.Bhima, the foremost of the Kuru heroes, hurled Saly a distance.Bhimasena surprised all by the dexterity of his feat.The othermonarchs were alarmed and surrounded Bhima and surrounded him.",distance.Bhimasena,surprised by,dexterity of his feat.The othermonarchs
213,"Bhima, Karna, Salya and Vrikodara engaged in a fight.Bhima, the foremost of the Kuru heroes, hurled Saly a distance.Bhimasena surprised all by the dexterity of his feat.The othermonarchs were alarmed and surrounded Bhima and surrounded him.",Bhima,engaged in,fight.Bhima
214,"Bhima, Karna, Salya and Vrikodara engaged in a fight.Bhima, the foremost of the Kuru heroes, hurled Saly a distance.Bhimasena surprised all by the dexterity of his feat.The othermonarchs were alarmed and surrounded Bhima and surrounded him.",hurled Saly,surprised by,all dexterity of his feat.The othermonarchs
215,"Bhima, Karna, Salya and Vrikodara engaged in a fight.Bhima, the foremost of the Kuru heroes, hurled Saly a distance.Bhimasena surprised all by the dexterity of his feat.The othermonarchs were alarmed and surrounded Bhima and surrounded him.",Vrikodara,engaged,foremost of Kuru heroes
216,"Bhima, Karna, Salya and Vrikodara engaged in a fight.Bhima, the foremost of the Kuru heroes, hurled Saly a distance.Bhimasena surprised all by the dexterity of his feat.The othermonarchs were alarmed and surrounded Bhima and surrounded him.",distance.Bhimasena,surrounded,him
217,"Bhima, Karna, Salya and Vrikodara engaged in a fight.Bhima, the foremost of the Kuru heroes, hurled Saly a distance.Bhimasena surprised all by the dexterity of his feat.The othermonarchs were alarmed and surrounded Bhima and surrounded him.",Salya,engaged,foremost of Kuru heroes
218,"Bhima, Karna, Salya and Vrikodara engaged in a fight.Bhima, the foremost of the Kuru heroes, hurled Saly a distance.Bhimasena surprised all by the dexterity of his feat.The othermonarchs were alarmed and surrounded Bhima and surrounded him.",hurled Saly,surprised by,all dexterity of feat.The othermonarchs
219,"Bhima, Karna, Salya and Vrikodara engaged in a fight.Bhima, the foremost of the Kuru heroes, hurled Saly a distance.Bhimasena surprised all by the dexterity of his feat.The othermonarchs were alarmed and surrounded Bhima and surrounded him.",Vrikodara,engaged,foremost
220,"Bhima, Karna, Salya and Vrikodara engaged in a fight.Bhima, the foremost of the Kuru heroes, hurled Saly a distance.Bhimasena surprised all by the dexterity of his feat.The othermonarchs were alarmed and surrounded Bhima and surrounded him.",Saly,surprised by,all dexterity of his feat.The othermonarchs
221,"Bhima, Karna, Salya and Vrikodara engaged in a fight.Bhima, the foremost of the Kuru heroes, hurled Saly a distance.Bhimasena surprised all by the dexterity of his feat.The othermonarchs were alarmed and surrounded Bhima and surrounded him.",Saly,surprised by,all dexterity of feat.The othermonarchs
222,"Bhima, Karna, Salya and Vrikodara engaged in a fight.Bhima, the foremost of the Kuru heroes, hurled Saly a distance.Bhimasena surprised all by the dexterity of his feat.The othermonarchs were alarmed and surrounded Bhima and surrounded him.",Saly,surprised by,dexterity of feat.The othermonarchs
223,"Bhima, Karna, Salya and Vrikodara engaged in a fight.Bhima, the foremost of the Kuru heroes, hurled Saly a distance.Bhimasena surprised all by the dexterity of his feat.The othermonarchs were alarmed and surrounded Bhima and surrounded him.",Karna,engaged,foremost
224,"Bhima, Karna, Salya and Vrikodara engaged in a fight.Bhima, the foremost of the Kuru heroes, hurled Saly a distance.Bhimasena surprised all by the dexterity of his feat.The othermonarchs were alarmed and surrounded Bhima and surrounded him.",hurled Saly,surprised by,dexterity of his feat.The othermonarchs
225,"Bhima, Karna, Salya and Vrikodara engaged in a fight.Bhima, the foremost of the Kuru heroes, hurled Saly a distance.Bhimasena surprised all by the dexterity of his feat.The othermonarchs were alarmed and surrounded Bhima and surrounded him.",distance.Bhimasena,surprised by,dexterity of feat.The othermonarchs
226,"Bhima, Karna, Salya and Vrikodara engaged in a fight.Bhima, the foremost of the Kuru heroes, hurled Saly a distance.Bhimasena surprised all by the dexterity of his feat.The othermonarchs were alarmed and surrounded Bhima and surrounded him.",hurled Saly,surprised by,dexterity of feat.The othermonarchs
227,"Bhima, Karna, Salya and Vrikodara engaged in a fight.Bhima, the foremost of the Kuru heroes, hurled Saly a distance.Bhimasena surprised all by the dexterity of his feat.The othermonarchs were alarmed and surrounded Bhima and surrounded him.",Salya,engaged,foremost
228,"Bhima, Karna, Salya and Vrikodara engaged in a fight.Bhima, the foremost of the Kuru heroes, hurled Saly a distance.Bhimasena surprised all by the dexterity of his feat.The othermonarchs were alarmed and surrounded Bhima and surrounded him.",Bhima,engaged,foremost of Kuru heroes
229,"Bhima, Karna, Salya and Vrikodara engaged in a fight.Bhima, the foremost of the Kuru heroes, hurled Saly a distance.Bhimasena surprised all by the dexterity of his feat.The othermonarchs were alarmed and surrounded Bhima and surrounded him.",Karna,engaged,foremost of Kuru heroes
230,"Bhima, Karna, Salya and Vrikodara engaged in a fight.Bhima, the foremost of the Kuru heroes, hurled Saly a distance.Bhimasena surprised all by the dexterity of his feat.The othermonarchs were alarmed and surrounded Bhima and surrounded him.",Bhima,engaged,foremost
231,"Bhima, Karna, Salya and Vrikodara engaged in a fight.Bhima, the foremost of the Kuru heroes, hurled Saly a distance.Bhimasena surprised all by the dexterity of his feat.The othermonarchs were alarmed and surrounded Bhima and surrounded him.",distance.Bhimasena,surprised by,all dexterity of feat.The othermonarchs
232,Krishna convinced the assembled monarchs to abandon the fight against Bhima and Dhananjaya.Bhima was the son of Kunti.The princess of Panchala was the bride of a Brahmana.The festive scene was terminated in the victory of the Brahmanas.,son,was bride of,Brahmana.The scene
233,Krishna convinced the assembled monarchs to abandon the fight against Bhima and Dhananjaya.Bhima was the son of Kunti.The princess of Panchala was the bride of a Brahmana.The festive scene was terminated in the victory of the Brahmanas.,son,was,bride
234,Krishna convinced the assembled monarchs to abandon the fight against Bhima and Dhananjaya.Bhima was the son of Kunti.The princess of Panchala was the bride of a Brahmana.The festive scene was terminated in the victory of the Brahmanas.,son,was bride of,Brahmana.The festive scene
235,Krishna convinced the assembled monarchs to abandon the fight against Bhima and Dhananjaya.Bhima was the son of Kunti.The princess of Panchala was the bride of a Brahmana.The festive scene was terminated in the victory of the Brahmanas.,son,was bride of,Brahmana.The festive scene
236,Krishna convinced the assembled monarchs to abandon the fight against Bhima and Dhananjaya.Bhima was the son of Kunti.The princess of Panchala was the bride of a Brahmana.The festive scene was terminated in the victory of the Brahmanas.,monarchs,abandon,fight against Bhima
237,Krishna convinced the assembled monarchs to abandon the fight against Bhima and Dhananjaya.Bhima was the son of Kunti.The princess of Panchala was the bride of a Brahmana.The festive scene was terminated in the victory of the Brahmanas.,son,was terminated in,victory
238,Krishna convinced the assembled monarchs to abandon the fight against Bhima and Dhananjaya.Bhima was the son of Kunti.The princess of Panchala was the bride of a Brahmana.The festive scene was terminated in the victory of the Brahmanas.,son,was,terminated
239,Krishna convinced the assembled monarchs to abandon the fight against Bhima and Dhananjaya.Bhima was the son of Kunti.The princess of Panchala was the bride of a Brahmana.The festive scene was terminated in the victory of the Brahmanas.,assembled monarchs,abandon,fight
240,Krishna convinced the assembled monarchs to abandon the fight against Bhima and Dhananjaya.Bhima was the son of Kunti.The princess of Panchala was the bride of a Brahmana.The festive scene was terminated in the victory of the Brahmanas.,son,was terminated in,victory of Brahmanas
241,Krishna convinced the assembled monarchs to abandon the fight against Bhima and Dhananjaya.Bhima was the son of Kunti.The princess of Panchala was the bride of a Brahmana.The festive scene was terminated in the victory of the Brahmanas.,son,was,terminated
242,Krishna convinced the assembled monarchs to abandon the fight against Bhima and Dhananjaya.Bhima was the son of Kunti.The princess of Panchala was the bride of a Brahmana.The festive scene was terminated in the victory of the Brahmanas.,son,was terminated in,victory
243,Krishna convinced the assembled monarchs to abandon the fight against Bhima and Dhananjaya.Bhima was the son of Kunti.The princess of Panchala was the bride of a Brahmana.The festive scene was terminated in the victory of the Brahmanas.,son,was,terminated
244,Krishna convinced the assembled monarchs to abandon the fight against Bhima and Dhananjaya.Bhima was the son of Kunti.The princess of Panchala was the bride of a Brahmana.The festive scene was terminated in the victory of the Brahmanas.,son,was terminated in,victory of Brahmanas
245,Krishna convinced the assembled monarchs to abandon the fight against Bhima and Dhananjaya.Bhima was the son of Kunti.The princess of Panchala was the bride of a Brahmana.The festive scene was terminated in the victory of the Brahmanas.,son,was bride of,Brahmana.The festive scene
246,Krishna convinced the assembled monarchs to abandon the fight against Bhima and Dhananjaya.Bhima was the son of Kunti.The princess of Panchala was the bride of a Brahmana.The festive scene was terminated in the victory of the Brahmanas.,assembled monarchs,abandon,fight against Bhima
247,Krishna convinced the assembled monarchs to abandon the fight against Bhima and Dhananjaya.Bhima was the son of Kunti.The princess of Panchala was the bride of a Brahmana.The festive scene was terminated in the victory of the Brahmanas.,son,was,bride
248,Krishna convinced the assembled monarchs to abandon the fight against Bhima and Dhananjaya.Bhima was the son of Kunti.The princess of Panchala was the bride of a Brahmana.The festive scene was terminated in the victory of the Brahmanas.,son,was,bride
249,Krishna convinced the assembled monarchs to abandon the fight against Bhima and Dhananjaya.Bhima was the son of Kunti.The princess of Panchala was the bride of a Brahmana.The festive scene was terminated in the victory of the Brahmanas.,son,was,bride
250,Krishna convinced the assembled monarchs to abandon the fight against Bhima and Dhananjaya.Bhima was the son of Kunti.The princess of Panchala was the bride of a Brahmana.The festive scene was terminated in the victory of the Brahmanas.,son,was bride of,Brahmana.The scene
251,Krishna convinced the assembled monarchs to abandon the fight against Bhima and Dhananjaya.Bhima was the son of Kunti.The princess of Panchala was the bride of a Brahmana.The festive scene was terminated in the victory of the Brahmanas.,son,was terminated in,victory
252,Krishna convinced the assembled monarchs to abandon the fight against Bhima and Dhananjaya.Bhima was the son of Kunti.The princess of Panchala was the bride of a Brahmana.The festive scene was terminated in the victory of the Brahmanas.,Krishna,convinced,to abandon
253,Krishna convinced the assembled monarchs to abandon the fight against Bhima and Dhananjaya.Bhima was the son of Kunti.The princess of Panchala was the bride of a Brahmana.The festive scene was terminated in the victory of the Brahmanas.,son,was terminated in,victory of Brahmanas
254,Krishna convinced the assembled monarchs to abandon the fight against Bhima and Dhananjaya.Bhima was the son of Kunti.The princess of Panchala was the bride of a Brahmana.The festive scene was terminated in the victory of the Brahmanas.,Krishna,convinced,assembled monarchs
255,Krishna convinced the assembled monarchs to abandon the fight against Bhima and Dhananjaya.Bhima was the son of Kunti.The princess of Panchala was the bride of a Brahmana.The festive scene was terminated in the victory of the Brahmanas.,son,was bride of,Brahmana.The scene
256,Krishna convinced the assembled monarchs to abandon the fight against Bhima and Dhananjaya.Bhima was the son of Kunti.The princess of Panchala was the bride of a Brahmana.The festive scene was terminated in the victory of the Brahmanas.,son,was terminated in,victory
257,Krishna convinced the assembled monarchs to abandon the fight against Bhima and Dhananjaya.Bhima was the son of Kunti.The princess of Panchala was the bride of a Brahmana.The festive scene was terminated in the victory of the Brahmanas.,son,was,terminated
258,Krishna convinced the assembled monarchs to abandon the fight against Bhima and Dhananjaya.Bhima was the son of Kunti.The princess of Panchala was the bride of a Brahmana.The festive scene was terminated in the victory of the Brahmanas.,son,was bride of,Brahmana.The scene
259,Krishna convinced the assembled monarchs to abandon the fight against Bhima and Dhananjaya.Bhima was the son of Kunti.The princess of Panchala was the bride of a Brahmana.The festive scene was terminated in the victory of the Brahmanas.,Krishna,convinced,abandon
260,Krishna convinced the assembled monarchs to abandon the fight against Bhima and Dhananjaya.Bhima was the son of Kunti.The princess of Panchala was the bride of a Brahmana.The festive scene was terminated in the victory of the Brahmanas.,Krishna,convinced,monarchs
261,Krishna convinced the assembled monarchs to abandon the fight against Bhima and Dhananjaya.Bhima was the son of Kunti.The princess of Panchala was the bride of a Brahmana.The festive scene was terminated in the victory of the Brahmanas.,son,was bride of,Brahmana.The festive scene
262,Krishna convinced the assembled monarchs to abandon the fight against Bhima and Dhananjaya.Bhima was the son of Kunti.The princess of Panchala was the bride of a Brahmana.The festive scene was terminated in the victory of the Brahmanas.,son,was terminated in,victory of Brahmanas
263,Krishna convinced the assembled monarchs to abandon the fight against Bhima and Dhananjaya.Bhima was the son of Kunti.The princess of Panchala was the bride of a Brahmana.The festive scene was terminated in the victory of the Brahmanas.,monarchs,abandon,fight
264,"Kunti's sons were late in returning from theireleemosynary round.Jishnu, accompanied by a body of Brahmanas, entered the abode of the potter in the late afternoon.Kunti was worried that her sons had been killed.",Kunti,has,sons
265,"Kunti's sons were late in returning from theireleemosynary round.Jishnu, accompanied by a body of Brahmanas, entered the abode of the potter in the late afternoon.Kunti was worried that her sons had been killed.",Kunti 's sons,were late in,returning from theireleemosynary round.Jishnu
266,"Kunti's sons were late in returning from theireleemosynary round.Jishnu, accompanied by a body of Brahmanas, entered the abode of the potter in the late afternoon.Kunti was worried that her sons had been killed.",Kunti 's sons,were late in,returning from round.Jishnu
267,"Kunti's sons were late in returning from theireleemosynary round.Jishnu, accompanied by a body of Brahmanas, entered the abode of the potter in the late afternoon.Kunti was worried that her sons had been killed.",her sons,been,killed
268,"Kunti's sons were late in returning from theireleemosynary round.Jishnu, accompanied by a body of Brahmanas, entered the abode of the potter in the late afternoon.Kunti was worried that her sons had been killed.",Kunti 's sons,were,late
269,"Kunti's sons were late in returning from theireleemosynary round.Jishnu, accompanied by a body of Brahmanas, entered the abode of the potter in the late afternoon.Kunti was worried that her sons had been killed.",Kunti 's sons,were late in,returning
270,"The sons of Pritha returned from the potter's abode and presented Yajnaseni as the alms they had obtained to their mother.Kunti was there within the room and saw not her sons, so she said, 'Enjoy ye all (what ye have obtained).",sons,presented as,alms
271,"The sons of Pritha returned from the potter's abode and presented Yajnaseni as the alms they had obtained to their mother.Kunti was there within the room and saw not her sons, so she said, 'Enjoy ye all (what ye have obtained).",they,was within,room
272,"The sons of Pritha returned from the potter's abode and presented Yajnaseni as the alms they had obtained to their mother.Kunti was there within the room and saw not her sons, so she said, 'Enjoy ye all (what ye have obtained).",sons,presented,Yajnaseni
273,"The sons of Pritha returned from the potter's abode and presented Yajnaseni as the alms they had obtained to their mother.Kunti was there within the room and saw not her sons, so she said, 'Enjoy ye all (what ye have obtained).",they,had obtained to,their mother.Kunti
274,"The sons of Pritha returned from the potter's abode and presented Yajnaseni as the alms they had obtained to their mother.Kunti was there within the room and saw not her sons, so she said, 'Enjoy ye all (what ye have obtained).",sons,returned from,potter 's abode
275,"The sons of Pritha returned from the potter's abode and presented Yajnaseni as the alms they had obtained to their mother.Kunti was there within the room and saw not her sons, so she said, 'Enjoy ye all (what ye have obtained).",sons,presented Yajnaseni as,alms
276,"The sons of Pritha returned from the potter's abode and presented Yajnaseni as the alms they had obtained to their mother.Kunti was there within the room and saw not her sons, so she said, 'Enjoy ye all (what ye have obtained).",they,was within,there room
277,"The sons of Pritha returned from the potter's abode and presented Yajnaseni as the alms they had obtained to their mother.Kunti was there within the room and saw not her sons, so she said, 'Enjoy ye all (what ye have obtained).",potter,from,abode
278,"Yudhishthira consoled Kunti, and addressed Dhananjaya, said, 'By thee, O Phalguna, hath Yajnaseni been won.It is proper that we all should wed her.",Yudhishthira,consoled,Kunti
279,"Yudhishthira consoled Kunti, and addressed Dhananjaya, said, 'By thee, O Phalguna, hath Yajnaseni been won.It is proper that we all should wed her.",Yudhishthira,addressed,Dhananjaya
280,"Arjuna doesn't want to be a participant in sin.Arjuna wants to be married first, followed by Bhima, Nakula, Vrikodara, the twins and Sahadeva, and then Arjun.Arjun wants Panchala to command them as helikest.",Arjuna,be participant in,sin.Arjuna
281,"The Pandavas all looked at Draupadi, the princess of Panchala.Yudhishthira, the son of Kunti, understood the meaning of Krishna-Dwaipayana's words.The king, from fear of a division among the brothers, addressed all of them and said that Drauupadi will be the common wife of them all.",Draupadi,princess of,Panchala.Yudhishthira
282,"The Pandavas all looked at Draupadi, the princess of Panchala.Yudhishthira, the son of Kunti, understood the meaning of Krishna-Dwaipayana's words.The king, from fear of a division among the brothers, addressed all of them and said that Drauupadi will be the common wife of them all.",Krishna Dwaipayana,of,words.The king
283,"The Pandavas all looked at Draupadi, the princess of Panchala.Yudhishthira, the son of Kunti, understood the meaning of Krishna-Dwaipayana's words.The king, from fear of a division among the brothers, addressed all of them and said that Drauupadi will be the common wife of them all.",Pandavas,looked at,princess of Panchala.Yudhishthira
284,"The Pandavas all looked at Draupadi, the princess of Panchala.Yudhishthira, the son of Kunti, understood the meaning of Krishna-Dwaipayana's words.The king, from fear of a division among the brothers, addressed all of them and said that Drauupadi will be the common wife of them all.",Panchala.Yudhishthira,son of,Kunti
285,"The Pandavas all looked at Draupadi, the princess of Panchala.Yudhishthira, the son of Kunti, understood the meaning of Krishna-Dwaipayana's words.The king, from fear of a division among the brothers, addressed all of them and said that Drauupadi will be the common wife of them all.",Pandavas,looked at,princess
286,"The Pandavas all looked at Draupadi, the princess of Panchala.Yudhishthira, the son of Kunti, understood the meaning of Krishna-Dwaipayana's words.The king, from fear of a division among the brothers, addressed all of them and said that Drauupadi will be the common wife of them all.",Pandavas,looked at,Draupadi
287,"Krishna and Valadeva went to the potter's house.They saw Ajatasanu (Yudhishthira) and his younger brothers passing the splendour of fire sitting around him.Vasudeva touched the feet of Kunti, the son of Ajamida.The Pandavas, the sons of Pandu, saw them and were delighted.",Kunti,son of,Ajamida.The Pandavas
288,"Krishna and Valadeva went to the potter's house.They saw Ajatasanu (Yudhishthira) and his younger brothers passing the splendour of fire sitting around him.Vasudeva touched the feet of Kunti, the son of Ajamida.The Pandavas, the sons of Pandu, saw them and were delighted.",Krishna,went to,potter 's house.They
289,"Krishna and Valadeva went to the potter's house.They saw Ajatasanu (Yudhishthira) and his younger brothers passing the splendour of fire sitting around him.Vasudeva touched the feet of Kunti, the son of Ajamida.The Pandavas, the sons of Pandu, saw them and were delighted.",Ajatasanu,feet of,Kunti
290,"Krishna and Valadeva went to the potter's house.They saw Ajatasanu (Yudhishthira) and his younger brothers passing the splendour of fire sitting around him.Vasudeva touched the feet of Kunti, the son of Ajamida.The Pandavas, the sons of Pandu, saw them and were delighted.",Ajatasanu,saw,them
291,"Krishna and Valadeva went to the potter's house.They saw Ajatasanu (Yudhishthira) and his younger brothers passing the splendour of fire sitting around him.Vasudeva touched the feet of Kunti, the son of Ajamida.The Pandavas, the sons of Pandu, saw them and were delighted.",Ajatasanu,feet of,son
292,"Krishna and Valadeva went to the potter's house.They saw Ajatasanu (Yudhishthira) and his younger brothers passing the splendour of fire sitting around him.Vasudeva touched the feet of Kunti, the son of Ajamida.The Pandavas, the sons of Pandu, saw them and were delighted.",potter,to,house.They
293,"Krishna and Valadeva went to the potter's house.They saw Ajatasanu (Yudhishthira) and his younger brothers passing the splendour of fire sitting around him.Vasudeva touched the feet of Kunti, the son of Ajamida.The Pandavas, the sons of Pandu, saw them and were delighted.",Ajatasanu,sons of,Pandu
294,"Krishna and Valadeva went to the potter's house.They saw Ajatasanu (Yudhishthira) and his younger brothers passing the splendour of fire sitting around him.Vasudeva touched the feet of Kunti, the son of Ajamida.The Pandavas, the sons of Pandu, saw them and were delighted.",Ajatasanu,feet of,son of Ajamida.The Pandavas
295,"Krishna and Valadeva went to the potter's house.They saw Ajatasanu (Yudhishthira) and his younger brothers passing the splendour of fire sitting around him.Vasudeva touched the feet of Kunti, the son of Ajamida.The Pandavas, the sons of Pandu, saw them and were delighted.",Valadeva,went to,potter 's house.They
296,"The Panchala prince hid himself in the potter's house.Bhima, Jishnu, and the illustrious twins, cheerfully gave everything to Yudhishthira.Kunti, the daughter of Drupada, divided the food into six parts and divided it into half for Bhima and half for himself.",potter,in,house.Bhima cheerfully gave to Yudhishthira.Kunti
297,"The Panchala prince hid himself in the potter's house.Bhima, Jishnu, and the illustrious twins, cheerfully gave everything to Yudhishthira.Kunti, the daughter of Drupada, divided the food into six parts and divided it into half for Bhima and half for himself.",Panchala prince,hid,himself
298,"The Panchala prince hid himself in the potter's house.Bhima, Jishnu, and the illustrious twins, cheerfully gave everything to Yudhishthira.Kunti, the daughter of Drupada, divided the food into six parts and divided it into half for Bhima and half for himself.",Panchala prince,divided,it
299,"The Panchala prince hid himself in the potter's house.Bhima, Jishnu, and the illustrious twins, cheerfully gave everything to Yudhishthira.Kunti, the daughter of Drupada, divided the food into six parts and divided it into half for Bhima and half for himself.",Panchala prince,divided food into,six parts
300,"The Panchala prince hid himself in the potter's house.Bhima, Jishnu, and the illustrious twins, cheerfully gave everything to Yudhishthira.Kunti, the daughter of Drupada, divided the food into six parts and divided it into half for Bhima and half for himself.",Draupadi,daughter of,Drupada
301,"The Panchala prince hid himself in the potter's house.Bhima, Jishnu, and the illustrious twins, cheerfully gave everything to Yudhishthira.Kunti, the daughter of Drupada, divided the food into six parts and divided it into half for Bhima and half for himself.",Panchala prince,hid in,potter 's house.Bhima gave
302,"The Panchala prince hid himself in the potter's house.Bhima, Jishnu, and the illustrious twins, cheerfully gave everything to Yudhishthira.Kunti, the daughter of Drupada, divided the food into six parts and divided it into half for Bhima and half for himself.",Panchala prince,divided,food
303,"The Panchala prince hid himself in the potter's house.Bhima, Jishnu, and the illustrious twins, cheerfully gave everything to Yudhishthira.Kunti, the daughter of Drupada, divided the food into six parts and divided it into half for Bhima and half for himself.",Panchala prince,hid in,potter 's house.Bhima
304,"The Panchala prince hid himself in the potter's house.Bhima, Jishnu, and the illustrious twins, cheerfully gave everything to Yudhishthira.Kunti, the daughter of Drupada, divided the food into six parts and divided it into half for Bhima and half for himself.",Panchala prince,divided into,six parts
305,"The Panchala prince hid himself in the potter's house.Bhima, Jishnu, and the illustrious twins, cheerfully gave everything to Yudhishthira.Kunti, the daughter of Drupada, divided the food into six parts and divided it into half for Bhima and half for himself.",Panchala prince,divided into,half
306,"The Panchala prince hid himself in the potter's house.Bhima, Jishnu, and the illustrious twins, cheerfully gave everything to Yudhishthira.Kunti, the daughter of Drupada, divided the food into six parts and divided it into half for Bhima and half for himself.",Panchala prince,divided for,himself
307,"The Panchala prince hid himself in the potter's house.Bhima, Jishnu, and the illustrious twins, cheerfully gave everything to Yudhishthira.Kunti, the daughter of Drupada, divided the food into six parts and divided it into half for Bhima and half for himself.",Panchala prince,divided for,Bhima
308,Dhristadyumna went to Drupada to report what had happened at the potter's abode.The king of Panchala was sad because Krishna had taken away his daughter.Arjuna took up the bow and shot the mark.,Dhristadyumna went,was sad,because Krishna had taken
309,Dhristadyumna went to Drupada to report what had happened at the potter's abode.The king of Panchala was sad because Krishna had taken away his daughter.Arjuna took up the bow and shot the mark.,his daughter.Arjuna,took up,bow
310,Dhristadyumna went to Drupada to report what had happened at the potter's abode.The king of Panchala was sad because Krishna had taken away his daughter.Arjuna took up the bow and shot the mark.,Dhristadyumna,went,report
311,Dhristadyumna went to Drupada to report what had happened at the potter's abode.The king of Panchala was sad because Krishna had taken away his daughter.Arjuna took up the bow and shot the mark.,Dhristadyumna,went to,Drupada
312,Dhristadyumna went to Drupada to report what had happened at the potter's abode.The king of Panchala was sad because Krishna had taken away his daughter.Arjuna took up the bow and shot the mark.,Krishna,shot,mark
313,Dhristadyumna went to Drupada to report what had happened at the potter's abode.The king of Panchala was sad because Krishna had taken away his daughter.Arjuna took up the bow and shot the mark.,Dhristadyumna went,was,sad
314,Dhristadyumna went to Drupada to report what had happened at the potter's abode.The king of Panchala was sad because Krishna had taken away his daughter.Arjuna took up the bow and shot the mark.,Dhristadyumna went,was sad,Krishna had taken away
315,Dhristadyumna went to Drupada to report what had happened at the potter's abode.The king of Panchala was sad because Krishna had taken away his daughter.Arjuna took up the bow and shot the mark.,Dhristadyumna,went,to report
316,Dhristadyumna went to Drupada to report what had happened at the potter's abode.The king of Panchala was sad because Krishna had taken away his daughter.Arjuna took up the bow and shot the mark.,potter,at,abode.The king of Panchala
317,Dhristadyumna went to Drupada to report what had happened at the potter's abode.The king of Panchala was sad because Krishna had taken away his daughter.Arjuna took up the bow and shot the mark.,Dhristadyumna went,was sad,Krishna had taken
318,Dhristadyumna went to Drupada to report what had happened at the potter's abode.The king of Panchala was sad because Krishna had taken away his daughter.Arjuna took up the bow and shot the mark.,Dhristadyumna went,was sad,because Krishna had taken away
