,sentence
0,"SECTION XLVI

""Sanjaya said, 'Phalguni's son once more pierced Karna in the car with a
barbed arrow, and for angering him still further, he pierced him with
fifty other shafts."
1,"The son of Radha pierced Abhimanyu in return with as
many shafts."
2,"Covered all over with arrows, Abhimanyu, then, O sire,
looked exceedingly beautiful."
3,"Filled with rage, he caused Karna also to
be bathed in blood."
4,"Mangled with arrows and covered with blood, the brave
Karna also shone greatly."
5,"[79] Both of them pierced with arrows, both
bathed in blood, those illustrious warriors then resembled a couple of
flowering Kinsukas."
6,"The son of Subhadra then slew six of Karna's brave
counsellors, conversant with all modes of warfare, with their steeds and
charioteers and cars."
7,"As regards other great bowmen Abhimanyu fearlessly
pierced each of them in return, with ten arrows."
8,"That feat of his seemed
highly wonderful."
9,"Slaying next the son of the ruler of the Magadhas,
Abhimanyu, with six straight shafts, slew the youthful Aswaketu with his
four steeds and charioteer."
10,"Then slaying, with a sharp razor-headed
arrow, the Bhoja prince of Martikavata, bearing the device of an elephant
(on his banner), the son of Arjuna uttered a loud shout and began to
scatter his shafts on all sides."
11,"Then the son of Duhsasana pierced the
four steeds of Abhimanyu with four shafts, his charioteer with one and
Abhimanyu himself with ten."
12,"The son of Arjuna, then, piercing Duhsasana's
son with ten fleet shafts, addressed him in a loud tone and with eyes red
in wrath, said, ""Abandoning the battle, thy sire hath fled like a coward."
13,It is well thou knowest how to fight.
14,"Thou shalt not, however, escape
today with life."""
15,"Saying these words unto him, Abhimanyu sped a long
arrow, well polished by smith's hand, at his foe."
16,"The son of Drona cut
that arrow with three shafts of his own."
17,"Leaving Aswatthaman alone,
Arjuna's son struck Salya, in return, fearlessly pierced him in the chest
with highly nine shafts, equipped with vulture's feathers."
18,"That feat
seemed highly wonderful."
19,"The son of Arjuna then cut off Salya's bow and
slew both his Parshni charioteers."
20,"Abhimanyu then pierced Salya himself
with six shafts made wholly of iron."
21,"Thereupon, the latter, leaving that
steedless car, mounted another."
22,"Abhimanyu then slew five warriors, named
Satrunjaya, and Chandraketu, and Mahamegba, and Suvarchas, and
Suryabhasa."
23,He then pierced Suvala's son.
24,"The latter piercing Abhimanyu
with three arrows, said unto Duryodhana, ""Let us all together grind this
one, else, fighting singly with us he will slay us all."
25,"O king, think of
the means of slaying this one, taking counsel with Drona and Kripa and
others."""
26,"Then Karna, the son of Vikartana, said unto Drona, ""Abhimanyu
grindeth us all."
27,"Tell us the means by which we may slay him."""
28,"Thus
addressed, the mighty bowman, Drona, addressing them all, said,
""Observing him with vigilance, have any of you been able to detect any
defeat in this youth?"
29,He is careening in all directions.
30,"Yet have any of
you been able to detect today the least hole in him?"
31,"Behold the lightness
of hand and quickness of motion of this lion among men, this son of
Arjuna."
32,"In the track of his car, only his bow drawn to a circle can be
seen, so quickly is he aiming his shafts and so quickly is he letting
them off."
33,"Indeed, this slayer of hostile heroes, viz., the son of
Subhadra, gratifieth me although he afflicteth my vital breath and
stupefieth me with shafts."
34,"Even the mightiest car-warriors, filled with
wrath, are unable to detect any flaw in him."
35,"The son of Subhadra,
therefore, careering on the field of battle, gratifieth me greatly."
36,"I do
not see that in battle there is any difference between the wielder of
Gandiva himself and this one of great lightness of hand, filling all the
points of the horizon with his mighty shafts."""
37,"Hearing these words,
Karna, afflicted with the shafts of Arjuna's son, once more said unto
Drona, ""Exceedingly afflicted with the shafts of Abhimanyu, I am staying
in battle, only because (as a warrior) I should stay here."
38,"Indeed, the
arrows of this youth of great energy are exceedingly fierce."
39,"Terrible as
they are and possessed of the energy of fire, these arrows are weakening
my heart."""
40,"The preceptor then, slowly and with a smile, said unto Karna,
""Abhimanyu is young, his prowess is great."
41,"His coat of mail is
impenetrable."
42,"This one's father had been taught by me the method of
wearing defensive armour."
43,"This subjugator of hostile towns assuredly
knoweth the entire science (of wearing armour)."
44,"With shafts well shot,
you can, however, cut off his bow, bow-string, the reins of his steeds,
the steeds themselves, and two Parshni charioteers."
45,"O mighty bowman, O
son of Radha, if competent, do this."
46,"Making him turn back from the fight
(by this means), strike him then."
47,"With his bow in hand he is incapable of
being vanquished by the very gods and the Asuras together."
48,"If you wish,
deprive him of his car, and divest him of his bow."""
49,"Hearing these words
of the preceptor, Vikartana's son Karna quickly cut off, by means of his
shafts, the bow of Abhimanyu, as the latter was shooting with great
activity."
50,"He, of Bhoja's race (viz., Kritavarman) then slew his steeds,
and Kripa slew his two Parshni charioteers."
51,"The others covered him with
showers of arrows after he had been divested of his bow."
52,"Those six great
car-warriors, with great speed, when speed was so necessary, ruthlessly
covered that carless youth, fighting single-handed with them, with
showers of arrows."
53,"Bowless and carless, with an eye, however, to his duty
(as a warrior), handsome Abhimanyu, taking up a sword and a shield,
jumped into the sky."
54,"Displaying great strength and great activity, and
describing the tracks called Kausika and others, the son of Arjuna
fiercely coursed through the sky, like the prince of winged creatures
(viz., Garuda.)."
55,"""He may fall upon me sword in hand,"" with such thoughts,
those mighty bowmen, were on the lookout for the laches of Abhimanyu, and
began to pierce him in that battle, with their gaze turned upwards."
56,"Then
Drona of mighty energy, that conqueror of foes with a sharp arrow quickly
cut off the hilt, decked with gems, of Abhimanyu's sword."
57,"Radha's son
Karna, with sharp shafts, cut off his excellent shield."
58,"Deprived of his
sword and shield thus, he came down, with sound limbs, from the welkin
upon the earth."
59,"Then taking up a car-wheel, he rushed in wrath against
Drona."
60,"His body bright with the dust of car-wheels, and himself holding
the car-wheel in his upraised arms, Abhimanyu looked exceedingly
beautiful, and imitating Vasudeva (with his discus), became awfully
fierce for a while in that battle."
61,"His robes dyed with the blood flowing
(from his wounds), his brow formidable with the wrinkles visible thereon,
himself uttering loud leonine roars, lord Abhimanyu of immeasurable
might, staying in the midst of those kings, looked exceedingly
resplendent on the field of battle.'"""
62,"SECTION XLVII

""Sanjaya said, 'That joy of Vishnu's sister (viz., Abhimanyu), that
Atiratha, decked with the weapons of Vishnu himself, looked exceedingly
beautiful on the field of battle and looked like a second Janardana."
63,"With
the end of his locks waving in the air, with that supreme weapon upraised
in his hands, his body became incapable of being looked at by the very
gods."
64,"The kings beholding it and the wheel in his hands, became filled
with anxiety, and cut that off in a hundred fragments."
65,"Then that great
car-warrior, the son of Arjuna, took up a mighty mace."
66,"Deprived by them
of his bow and car and sword, and divested also of his wheel by his foes,
the mighty-armed Abhimanyu (mace in hand) rushed against Aswatthaman."
67,"Beholding that mace upraised, which looked like the blazing thunderbolt,
Aswatthaman, that tiger among men, rapidly alighted from his car and took
three (long) leaps (for avoiding Abhimanyu)."
68,"Slaying Aswatthaman's steeds
and two Parshni charioteers with that mace of his, Subhadra's son,
pierced all over with arrows, looked like a porcupine."
69,"Then that hero
pressed Suvala's son, Kalikeya, down into the earth, and slew seven and
seventy Gandhara followers of the latter."
70,"Next, he slew ten car-warriors
of the Brahma-Vasatiya race, and then ten huge elephants."
71,"Proceeding next
towards the car of Duhsasana's son, he crushed the latter's car and
steeds, pressing them down into the earth."
72,"The invincible son of
Duhsasana, then, O sire, taking up his mace, rushed at Abhimanyu, saying,
""Wait, Wait!"""
73,"Then those cousins, those two heroes, with upraised maces,
began to strike each other, desirous of achieving each other's death,
like three-eyed (Mahadeva) and (the Asura) Andhaka in the days of old."
74,"Each of those chastisers of foes, struck with the other's mace-ends fell
down on the earth, like two uprooted standards erected to the honour of
Indra."
75,"Then Duhsasana's son, that enhancer of the fame of the Kurus,
rising up first, struck Abhimanyu with the mace on the crown of his head,
as the latter was on the point of rising."
76,"Stupefied with the violence of
that stroke as also with the fatigue he had undergone, that slayer of
hostile hosts, viz., the son of Subhadra, fell on the earth, deprived of
his senses."
77,"Thus, O king, was one slain by many in battle,--one who had
ground the whole army, like an elephant grinding lotus-stalks in a lake."
78,"As he lay dead on the field, the heroic Abhimanyu looked like a wild
elephant slain by the hunters."
79,"The fallen hero was then surrounded by thy
troops."
80,"And he looked like an extinguished fire in the summer season
after (as it lies) having consumed a whole forest, or like a tempest
divested of its fury after having crushed mountain crests;[80] or like
the sun arrived at the western hills after having blasted with his heat
the Bharata host; or like Soma swallowed up by Rahu; or like the ocean
reft of water."
81,"The mighty car-warriors of thy army beholding Abhimanyu
whose face had the splendour of the full moon, and whose eyes were
rendered beautiful in consequence of lashes black as the feathers of the
raven, lying prostrate on the bare earth, were filled with great joy."
82,"And
they repeatedly uttered leonine shouts."
83,"Indeed, O monarch, thy troops
were in transports of joy, while tears fell fast from the eyes of the
Pandava heroes."
84,"Beholding the heroic Abhimanyu lying on the field of
battle, like the moon dropped from the firmament, diverse creatures, O
king, in the welkin, said aloud, ""Alas, this one lieth on the field,
slain, while fighting singly, by six mighty car-warriors of the
Dhartarashtra army, headed by Drona and Karna."
85,"This act hath been, we
hold, an unrighteous one."""
86,"Upon the slaughter of that hero, the earth
looked exceedingly resplendent like the star-bespangled firmament with
the moon."
87,"Indeed, the earth was strewn with shafts equipped with wings of
gold, and covered with waves of blood."
88,"And strewn with the beautiful
heads of heroes, decked with ear-rings and variegated turbans of great
value, and banners and yak-tails and beautiful blankets, and begemmed
weapons of great efficacy, and the bright ornaments of cars and steeds,
and men and elephants, and sharp and well-tempered swords, looking like
snakes freed from their sloughs, and bows, and broken shafts, and darts,
and swords, and lances, and Kampanas, and diverse other kinds of weapons,
she assumed a beautiful aspect."
89,"And in consequence of the steeds dead or
dying, but all weltering in blood, with their riders (lying about them),
felled by Subhadra's son, the earth in many places became impassable."
90,"And
with iron hooks, and elephants--huge as hills--equipped with shields and
weapons and standards, lying about, crushed with shafts, with excellent
cars deprived of steeds and charioteers and car-warriors, lying scattered
on the earth, crushed by elephants and looking like agitated lakes, with
large bodies of foot-soldiers decked with diverse weapons and lying dead
on the ground, the field of battle, wearing a terrible aspect, inspired
all timid hearts with terror."
91,"""'Beholding Abhimanyu, resplendent as the sun or the moon, lying on the
ground, thy troops were in transport of joy, while Pandavas were filled
with grief."
92,"When youthful Abhimanyu, yet in his minority, fell, the
Pandava divisions, O king, fled away in the very sight of king
Yudhishthira."
93,"Beholding his army breaking upon the fall of Subhadra's
son, Yudhishthira addressed his brave warriors, saying, ""The heroic
Abhimanyu, who without retreating from battle hath been slain, hath
certainly ascended to heaven."
94,"Stay then, and fear not, for we shall yet
vanquish our foes."""
95,"Endued with great energy and great splendour, king
Yudhishthira the just, that foremost of warriors, saying such words unto
his soldiers inspired with grief, endeavoured to dispel their stupor."
96,"The
king continued, ""Having in the first instance, slain in battle hostile
princes, resembling snakes of virulent poison, the son of Arjuna hath
then given up his life."
97,"Having slain ten thousand warriors, viz., the
king of the Kosalas, Abhimanyu, who was even like Krishna or Arjuna
himself, hath assuredly gone to the abode of Indra."
98,"Having destroyed cars
and steeds and men and elephants by thousands, he was still not content
with what he did."
99,"Performing as he did such meritorious feats, we should
not certainly grieve for him, he hath gone to the bright regions of the
righteous, regions that men acquire by meritorious deeds.""'"""
