,Unnamed: 0,sentence_no,word,predicted_tag,POS_Tags,tag
0,0,0,"""Vrihadaswa",O,JJ,O
1,1,0,"said,",O,NN,O
2,2,0,'O,O,POS,O
3,3,0,"Bharata,",O,NNP,O
4,4,0,hearing,O,VBG,O
5,5,0,those,O,DT,O
6,6,0,words,O,NNS,O
7,7,0,of,O,IN,O
8,8,0,the,O,DT,O
9,9,0,"swan,",O,NN,O
10,10,0,Damayanti,B-PER,NNP,O
11,11,0,thenceforth,O,NN,O
12,12,0,lost,O,VBD,O
13,13,0,all,O,DT,O
14,14,0,peace,O,NN,O
15,15,0,of,O,IN,O
16,16,0,mind,O,NN,O
17,17,0,on,O,IN,O
18,18,0,account,O,NN,O
19,19,0,of,O,IN,O
20,20,0,Nala.,O,NNP,O
21,21,0,And,O,CC,O
22,22,0,heaving,O,VBG,O
23,23,0,frequent,O,JJ,O
24,24,0,sighs,O,NNS,O
25,25,0,she,O,PRP,O
26,26,0,was,O,VBD,O
27,27,0,filled,O,VBN,O
28,28,0,with,O,IN,O
29,29,0,"anxiety,",O,NN,O
30,30,0,and,O,CC,O
31,31,0,became,O,VBD,O
32,32,0,melancholy,O,JJ,O
33,33,0,and,O,CC,O
34,34,0,pale-faced,O,JJ,O
35,35,0,and,O,CC,O
36,36,0,lean.,O,JJ,O
37,37,0,And,O,CC,O
38,38,0,with,O,IN,O
39,39,0,her,O,PRPS,O
40,40,0,heart,O,NN,O
41,41,0,possessed,O,VBN,O
42,42,0,by,O,IN,O
43,43,0,the,O,DT,O
44,44,0,god,O,NN,O
45,45,0,of,O,IN,O
46,46,0,"love,",O,JJ,O
47,47,0,she,O,PRP,O
48,48,0,soon,O,RB,O
49,49,0,lost,O,VBD,O
50,50,0,"colour,",O,NNS,O
51,51,0,and,O,CC,O
52,52,0,with,O,IN,O
53,53,0,her,O,PRPS,O
54,54,0,upturned,O,JJ,O
55,55,0,gaze,O,NN,O
56,56,0,and,O,CC,O
57,57,0,modes,O,NNS,O
58,58,0,of,O,IN,O
59,59,0,"abstraction,",O,NN,O
60,60,0,looked,O,VBD,O
61,61,0,like,O,IN,O
62,62,0,one,O,CD,O
63,63,0,demented.,O,NN,O
64,64,0,And,O,CC,O
65,65,0,she,O,PRP,O
66,66,0,lost,O,VBD,O
67,67,0,all,O,DT,O
68,68,0,inclination,O,NN,O
69,69,0,for,O,IN,O
70,70,0,beds,O,NNS,O
71,71,0,and,O,CC,O
72,72,0,seats,O,NNS,O
73,73,0,and,O,CC,O
74,74,0,object,O,NN,O
75,75,0,of,O,IN,O
76,76,0,enjoyment.,O,NN,O
77,77,0,And,O,CC,O
78,78,0,she,O,PRP,O
79,79,0,ceased,O,VBD,O
80,80,0,to,O,TO,O
81,81,0,lie,O,VB,O
82,82,0,down,O,RP,O
83,83,0,by,O,IN,O
84,84,0,day,O,NN,O
85,85,0,or,O,CC,O
86,86,0,"night,",O,NN,O
87,87,0,always,O,RB,O
88,88,0,weeping,O,VBG,O
89,89,0,with,O,IN,O
90,90,0,exclamation,O,NN,O
91,91,0,of,O,IN,O
92,92,0,Oh!,O,NNP,O
93,93,0,and,O,CC,O
94,94,0,Alas!,O,NNP,O
95,95,0,And,O,CC,O
96,96,0,beholding,O,VBG,O
97,97,0,her,O,PRPS,O
98,98,0,uneasy,O,JJ,O
99,99,0,and,O,CC,O
100,100,0,fallen,O,VBN,O
101,101,0,into,O,IN,O
102,102,0,that,O,DT,O
103,103,0,"condition,",O,VBZ,O
104,104,0,her,O,PRPS,O
105,105,0,hand-maids,O,JJ,O
106,106,0,"represented,",O,NN,O
107,107,0,O,O,NNP,O
108,108,0,"king,",O,VBZ,O
109,109,0,the,O,DT,O
110,110,0,matter,O,NN,O
111,111,0,of,O,IN,O
112,112,0,her,O,PRPS,O
113,113,0,illness,O,NN,O
114,114,0,unto,O,IN,O
115,115,0,the,O,DT,O
116,116,0,ruler,O,NN,O
117,117,0,of,O,IN,O
118,118,0,Vidarbha,B-PLACE,NNP,O
119,119,0,by,O,IN,O
120,120,0,indirect,O,JJ,O
121,121,0,hints.,O,NN,O
122,122,0,And,O,CC,O
123,123,0,king,O,VBG,O
124,124,0,"Bhima,",O,NNP,O
125,125,0,hearing,O,NN,O
126,126,0,of,O,IN,O
127,127,0,this,O,DT,O
128,128,0,from,O,IN,O
129,129,0,the,O,DT,O
130,130,0,handmaids,O,NNS,O
131,131,0,of,O,IN,O
132,132,0,"Damayanti,",O,NNP,O
133,133,0,regarded,O,VBD,O
134,134,0,the,O,DT,O
135,135,0,affair,O,NN,O
136,136,0,of,O,IN,O
137,137,0,his,O,PRPS,O
138,138,0,daughter,O,NN,O
139,139,0,to,O,TO,O
140,140,0,be,O,VB,O
141,141,0,serious.,O,JJ,O
142,142,0,And,O,CC,O
143,143,0,he,O,PRP,O
144,144,0,asked,O,VBD,O
145,145,0,"himself,",O,JJ,O
146,146,0,'Why,O,NNP,O
147,147,0,is,O,VBZ,O
148,148,0,it,O,PRP,O
149,149,0,that,O,IN,O
150,150,0,my,O,PRPS,O
151,151,0,daughter,O,NN,O
152,152,0,seemeth,O,NN,O
153,153,0,to,O,TO,O
154,154,0,be,O,VB,O
155,155,0,so,O,RB,O
156,156,0,ill,O,JJ,O
157,157,0,now?',O,NNS,O
158,158,0,And,O,CC,O
159,159,0,the,O,DT,O
160,160,0,"king,",O,NN,O
161,161,0,reflecting,O,VBG,O
162,162,0,by,O,IN,O
163,163,0,himself,O,PRP,O
164,164,0,that,O,IN,O
165,165,0,his,O,PRPS,O
166,166,0,daughter,O,NN,O
167,167,0,had,O,VBD,O
168,168,0,attained,O,VBN,O
169,169,0,to,O,TO,O
170,170,0,"puberty,",O,VB,O
171,171,0,concluded,O,VBN,O
172,172,0,that,O,IN,O
173,173,0,Damayanti's,B-PER,NNP,O
174,174,0,Swayamvara,B-EVE,NNP,O
175,175,0,should,O,MD,O
176,176,0,take,O,VB,O
177,177,0,place.,O,NN,O
178,178,0,And,O,CC,O
179,179,0,the,O,DT,O
180,180,0,"monarch,",O,NN,O
181,181,0,O,O,NNP,O
182,182,0,exalted,O,VBD,O
183,183,0,"one,",O,JJ,O
184,184,0,(invited),O,NNP,O
185,185,0,all,O,PDT,O
186,186,0,the,O,DT,O
187,187,0,rulers,O,NNS,O
188,188,0,of,O,IN,O
189,189,0,the,O,DT,O
190,190,0,"earth,",O,NN,O
191,191,0,"saying,",O,NN,O
192,192,0,Ye,O,NNP,O
193,193,0,"heroes,",O,NN,O
194,194,0,know,O,VBP,O
195,195,0,that,O,IN,O
196,196,0,Damayanti's,B-PER,NNP,O
197,197,0,Swayamvara,B-EVE,NNP,O
198,198,0,is,O,VBZ,O
199,199,0,at,O,IN,O
200,200,0,"hand,",O,NN,O
201,201,0,And,O,CC,O
202,202,0,all,O,PDT,O
203,203,0,the,O,DT,O
204,204,0,"kings,",O,NN,O
205,205,0,hearing,O,NN,O
206,206,0,of,O,IN,O
207,207,0,Damayanti's,B-PER,NNP,O
208,208,0,"Swayamvara,",I-PER,NNP,O
209,209,0,came,O,VBD,O
210,210,0,unto,O,JJ,O
211,211,0,"Bhima,",O,NNP,O
212,212,0,agreeable,O,NN,O
213,213,0,to,O,TO,O
214,214,0,his,O,PRPS,O
215,215,0,"message,",O,NN,O
216,216,0,filling,O,VBG,O
217,217,0,the,O,DT,O
218,218,0,earth,B-PLACE,NN,O
219,219,0,with,O,IN,O
220,220,0,the,O,DT,O
221,221,0,clatter,O,NN,O
222,222,0,of,O,IN,O
223,223,0,their,O,PRPS,O
224,224,0,"cars,",O,NN,O
225,225,0,the,O,DT,O
226,226,0,roar,O,NN,O
227,227,0,of,O,IN,O
228,228,0,their,O,PRPS,O
229,229,0,"elephants,",O,NN,O
230,230,0,and,O,CC,O
231,231,0,the,O,DT,O
232,232,0,neighing,O,NN,O
233,233,0,of,O,IN,O
234,234,0,their,O,PRPS,O
235,235,0,"horses,",O,NN,O
236,236,0,and,O,CC,O
237,237,0,accompanied,O,VBN,O
238,238,0,with,O,IN,O
239,239,0,their,O,PRPS,O
240,240,0,fine-looking,O,JJ,O
241,241,0,battalions,O,NNS,O
242,242,0,decked,O,VBN,O
243,243,0,in,O,IN,O
244,244,0,ornaments,O,NNS,O
245,245,0,and,O,CC,O
246,246,0,graceful,O,JJ,O
247,247,0,garlands.,O,NN,O
248,248,0,And,O,CC,O
249,249,0,the,O,DT,O
250,250,0,mighty-armed,O,JJ,O
251,251,0,Bhima,B-PER,NNP,O
252,252,0,paid,O,VBD,O
253,253,0,due,O,JJ,O
254,254,0,reverence,O,NN,O
255,255,0,unto,O,IN,O
256,256,0,those,O,DT,O
257,257,0,illustrious,O,JJ,O
258,258,0,monarchs.,O,NNS,O
259,259,0,And,O,CC,O
260,260,0,duly,O,RB,O
261,261,0,honoured,O,VBN,O
262,262,0,by,O,IN,O
263,263,0,him,O,PRP,O
264,264,0,they,O,PRP,O
265,265,0,took,O,VBD,O
266,266,0,up,O,RP,O
267,267,0,their,O,PRPS,O
268,268,0,quarters,O,NNS,O
269,269,0,there.',O,VBP,O
270,270,1,"""And",O,NN,O
271,271,1,at,O,IN,O
272,272,1,the,O,DT,O
273,273,1,"juncture,",O,NN,O
274,274,1,those,O,DT,O
275,275,1,foremost,O,NNS,O
276,276,1,of,O,IN,O
277,277,1,celestial,O,JJ,O
278,278,1,Rishis,B-COMMUNITY,NNP,O
279,279,1,possessed,O,VBD,O
280,280,1,of,O,IN,O
281,281,1,great,O,JJ,O
282,282,1,"splendour,",O,NN,O
283,283,1,of,O,IN,O
284,284,1,great,O,JJ,O
285,285,1,wisdom,O,NN,O
286,286,1,and,O,CC,O
287,287,1,great,O,JJ,O
288,288,1,"vows--namely,",O,JJ,O
289,289,1,Narada,B-PER,NNP,O
290,290,1,and,O,CC,O
291,291,1,Parvata--having,O,NNP,O
292,292,1,arrived,O,VBD,O
293,293,1,in,O,IN,O
294,294,1,course,O,NN,O
295,295,1,of,O,IN,O
296,296,1,their,O,PRPS,O
297,297,1,wandering,O,NN,O
298,298,1,at,O,IN,O
299,299,1,the,O,DT,O
300,300,1,regions,O,NNS,O
301,301,1,of,O,IN,O
302,302,1,Indra,B-PER,NNP,O
303,303,1,entered,O,VBD,O
304,304,1,the,O,DT,O
305,305,1,mansion,O,NN,O
306,306,1,of,O,IN,O
307,307,1,the,O,DT,O
308,308,1,lord,O,NN,O
309,309,1,of,O,IN,O
310,310,1,the,O,DT,O
311,311,1,"immortals,",O,NN,O
312,312,1,receiving,O,VBG,O
313,313,1,proper,O,JJ,O
314,314,1,worship.,O,NN,O
315,315,1,And,O,CC,O
316,316,1,Maghavat,B-PER,NNP,O
317,317,1,having,O,VBG,O
318,318,1,worshipped,O,VBD,O
319,319,1,them,O,PRP,O
320,320,1,"reverentially,",O,VB,O
321,321,1,inquired,O,VBN,O
322,322,1,after,O,IN,O
323,323,1,their,O,PRPS,O
324,324,1,undisturbed,O,JJ,O
325,325,1,peace,O,NN,O
326,326,1,and,O,CC,O
327,327,1,welfare,O,NN,O
328,328,1,as,O,IN,O
329,329,1,regards,O,NNS,O
330,330,1,all,O,DT,O
331,331,1,respects.,O,VBP,O
332,332,1,And,O,CC,O
333,333,1,Narada,B-PER,NNP,O
334,334,1,"said,",O,VBP,O
335,335,1,'O,O,POS,O
336,336,1,"lord,",O,NN,O
337,337,1,O,O,NNP,O
338,338,1,divine,O,NN,O
339,339,1,"one,",O,NN,O
340,340,1,peace,O,NN,O
341,341,1,attendeth,O,VBP,O
342,342,1,us,O,PRP,O
343,343,1,in,O,IN,O
344,344,1,every,O,DT,O
345,345,1,respect.,O,NN,O
346,346,1,"And,",O,NNP,O
347,347,1,O,O,NNP,O
348,348,1,"Maghavat,",O,NNP,O
349,349,1,peace,O,NN,O
350,350,1,attendeth,O,NN,O
351,351,1,also,O,RB,O
352,352,1,O,O,NNP,O
353,353,1,exalted,O,VBD,O
354,354,1,"one,",O,RP,O
355,355,1,the,O,DT,O
356,356,1,kings,O,NNS,O
357,357,1,of,O,IN,O
358,358,1,the,O,DT,O
359,359,1,whole,O,JJ,O
360,360,1,world.',O,NN,O
361,361,2,"""Vrihadaswa",O,NN,O
362,362,2,continued.,O,NN,O
363,363,2,'Hearing,O,VBG,O
364,364,2,the,O,DT,O
365,365,2,words,O,NNS,O
366,366,2,of,O,IN,O
367,367,2,Narada,B-PER,NNP,O
368,368,2,the,O,DT,O
369,369,2,slaver,O,NN,O
370,370,2,of,O,IN,O
371,371,2,Vala,B-PER,NNP,O
372,372,2,and,O,CC,O
373,373,2,Vritra,B-PER,NNP,O
374,374,2,"said,",O,VBP,O
375,375,2,'Those,O,POS,O
376,376,2,righteous,O,JJ,O
377,377,2,rulers,O,NNS,O
378,378,2,of,O,IN,O
379,379,2,the,O,DT,O
380,380,2,earth,B-PLACE,NN,O
381,381,2,who,O,WP,O
382,382,2,fight,O,VBD,O
383,383,2,renouncing,O,VBG,O
384,384,2,all,O,DT,O
385,385,2,desire,O,NN,O
386,386,2,of,O,IN,O
387,387,2,"life,",O,NN,O
388,388,2,and,O,CC,O
389,389,2,who,O,WP,O
390,390,2,meet,O,VBP,O
391,391,2,death,O,NN,O
392,392,2,when,O,WRB,O
393,393,2,their,O,PRPS,O
394,394,2,time,O,NN,O
395,395,2,is,O,VBZ,O
396,396,2,come,O,VBN,O
397,397,2,by,O,IN,O
398,398,2,means,O,NNS,O
399,399,2,of,O,IN,O
400,400,2,"weapons,",O,NN,O
401,401,2,without,O,IN,O
402,402,2,flying,O,VBG,O
403,403,2,from,O,IN,O
404,404,2,the,O,DT,O
405,405,2,"field,--theirs",O,NN,O
406,406,2,is,O,VBZ,O
407,407,2,this,O,DT,O
408,408,2,"region,",O,NN,O
409,409,2,everlasting,O,VBG,O
410,410,2,unto,O,IN,O
411,411,2,them,O,PRP,O
412,412,2,and,O,CC,O
413,413,2,granting,O,VBG,O
414,414,2,all,O,DT,O
415,415,2,"desires,",O,RB,O
416,416,2,even,O,RB,O
417,417,2,as,O,IN,O
418,418,2,it,O,PRP,O
419,419,2,is,O,VBZ,O
420,420,2,to,O,TO,O
421,421,2,me.,O,VB,O
422,422,2,Where,O,WRB,O
423,423,2,be,O,VB,O
424,424,2,those,O,DT,O
425,425,2,Kshatriya,B-COMMUNITY,NNP,O
426,426,2,heroes?,O,NN,O
427,427,2,I,O,PRP,O
428,428,2,do,O,VBP,O
429,429,2,not,O,RB,O
430,430,2,see,O,VB,O
431,431,2,those,O,DT,O
432,432,2,kings,O,NNS,O
433,433,2,approach,O,VBP,O
434,434,2,(now),O,NN,O
435,435,2,Where,O,WRB,O
436,436,2,are,O,VBP,O
437,437,2,my,O,PRPS,O
438,438,2,favourite,O,JJ,O
439,439,2,guests?',O,NN,O
440,440,2,Thus,O,RB,O
441,441,2,addressed,O,VBN,O
442,442,2,by,O,IN,O
443,443,2,"Sakra,",O,NNP,O
444,444,2,Narada,B-PER,NNP,O
445,445,2,"replied,",O,NN,O
446,446,2,"'Listen,",O,POS,O
447,447,2,O,O,NNP,O
448,448,2,"Mahavat,",O,NNP,O
449,449,2,why,O,WRB,O
450,450,2,seest,O,JJS,O
451,451,2,not,O,RB,O
452,452,2,thou,O,VB,O
453,453,2,the,O,DT,O
454,454,2,kings,O,NNS,O
455,455,2,(now)?,O,VBP,O
456,456,2,The,O,DT,O
457,457,2,ruler,O,NN,O
458,458,2,of,O,IN,O
459,459,2,the,O,DT,O
460,460,2,Vidarbhas,B-PLACE,NNP,O
461,461,2,hath,O,NN,O
462,462,2,a,O,DT,O
463,463,2,daughter--the,O,JJ,O
464,464,2,celebrated,O,JJ,O
465,465,2,Damayanti.,O,NNP,O
466,466,2,In,O,IN,O
467,467,2,beauty,O,NN,O
468,468,2,she,O,PRP,O
469,469,2,transcendeth,O,VBZ,O
470,470,2,all,O,PDT,O
471,471,2,the,O,DT,O
472,472,2,women,O,NNS,O
473,473,2,of,O,IN,O
474,474,2,the,O,DT,O
475,475,2,earth.,O,NN,O
476,476,2,Her,O,PRPS,O
477,477,2,"Swayamvara,",O,NNP,O
478,478,2,O,O,NNP,O
479,479,2,"Sakra,",O,NNP,O
480,480,2,will,O,MD,O
481,481,2,take,O,VB,O
482,482,2,place,O,NN,O
483,483,2,shortly.,O,NN,O
484,484,2,Thither,O,NN,O
485,485,2,are,O,VBP,O
486,486,2,going,O,VBG,O
487,487,2,all,O,PDT,O
488,488,2,the,O,DT,O
489,489,2,kings,O,NNS,O
490,490,2,and,O,CC,O
491,491,2,Princes,O,NNS,O
492,492,2,from,O,IN,O
493,493,2,all,O,DT,O
494,494,2,directions.,O,NN,O
495,495,2,And,O,CC,O
496,496,2,all,O,PDT,O
497,497,2,the,O,DT,O
498,498,2,lords,O,NNS,O
499,499,2,of,O,IN,O
500,500,2,the,O,DT,O
501,501,2,earth,B-PLACE,NN,O
502,502,2,desire,O,NN,O
503,503,2,to,O,TO,O
504,504,2,have,O,VB,O
505,505,2,that,O,DT,O
506,506,2,pearl,O,NN,O
507,507,2,of,O,IN,O
508,508,2,the,O,DT,O
509,509,2,"earth,--desire",O,NN,O
510,510,2,to,O,TO,O
511,511,2,have,O,VB,O
512,512,2,her,O,PRPS,O
513,513,2,"eagerly,",O,JJ,O
514,514,2,O,O,NNP,O
515,515,2,slaver,O,NN,O
516,516,2,of,O,IN,O
517,517,2,Vala,B-PER,NNP,O
518,518,2,and,O,CC,O
519,519,2,Vritra.',O,NNP,O
520,520,2,And,O,CC,O
521,521,2,while,O,IN,O
522,522,2,they,O,PRP,O
523,523,2,were,O,VBD,O
524,524,2,talking,O,VBG,O
525,525,2,"thus,",O,NNS,O
526,526,2,those,O,DT,O
527,527,2,foremost,O,NNS,O
528,528,2,of,O,IN,O
529,529,2,the,O,DT,O
530,530,2,"immortals,",O,NN,O
531,531,2,the,O,DT,O
532,532,2,Lokapalas,B-COMMUNITY,NNP,O
533,533,2,with,O,IN,O
534,534,2,Agni,B-PER,NNP,O
535,535,2,among,O,IN,O
536,536,2,"them,",O,RB,O
537,537,2,appeared,O,VBN,O
538,538,2,before,O,IN,O
539,539,2,the,O,DT,O
540,540,2,lord,O,NN,O
541,541,2,of,O,IN,O
542,542,2,the,O,DT,O
543,543,2,celestials.,O,NN,O
544,544,2,And,O,CC,O
545,545,2,all,O,DT,O
546,546,2,of,O,IN,O
547,547,2,them,O,PRP,O
548,548,2,heard,O,VBD,O
549,549,2,the,O,DT,O
550,550,2,words,O,NNS,O
551,551,2,of,O,IN,O
552,552,2,Narada,B-PER,NNP,O
553,553,2,fraught,O,NN,O
554,554,2,with,O,IN,O
555,555,2,grave,O,NN,O
556,556,2,import.,O,NN,O
557,557,2,And,O,CC,O
558,558,2,as,O,RB,O
559,559,2,soon,O,RB,O
560,560,2,as,O,IN,O
561,561,2,they,O,PRP,O
562,562,2,heard,O,VBP,O
563,563,2,"them,",O,IN,O
564,564,2,they,O,PRP,O
565,565,2,exclaimed,O,VBD,O
566,566,2,in,O,IN,O
567,567,2,"rapture,",O,NN,O
568,568,2,We,O,PRP,O
569,569,2,also,O,RB,O
570,570,2,will,O,MD,O
571,571,2,go,O,VB,O
572,572,2,there.,O,NN,O
573,573,2,"And,",O,NNP,O
574,574,2,O,O,NNP,O
575,575,2,mighty,O,FW,O
576,576,2,"monarch,",O,NN,O
577,577,2,accompanied,O,VBN,O
578,578,2,by,O,IN,O
579,579,2,their,O,PRPS,O
580,580,2,attendants,O,NNS,O
581,581,2,and,O,CC,O
582,582,2,mounted,O,VBN,O
583,583,2,on,O,IN,O
584,584,2,their,O,PRPS,O
585,585,2,(respective),O,NN,O
586,586,2,"vehicles,",O,IN,O
587,587,2,they,O,PRP,O
588,588,2,set,O,VBP,O
589,589,2,out,O,RP,O
590,590,2,for,O,IN,O
591,591,2,the,O,DT,O
592,592,2,country,O,NN,O
593,593,2,of,O,IN,O
594,594,2,"Vidarbhas,",O,NNP,O
595,595,2,whither,O,NN,O
596,596,2,(had,O,VBD,O
597,597,2,gone),O,VBN,O
598,598,2,all,O,PDT,O
599,599,2,the,O,DT,O
600,600,2,kings.,O,NN,O
601,601,2,"And,",O,NNP,O
602,602,2,O,O,NNP,O
603,603,2,son,O,NN,O
604,604,2,of,O,IN,O
605,605,2,"Kunti,",O,NNP,O
606,606,2,the,O,DT,O
607,607,2,high-souled,O,JJ,O
608,608,2,king,O,NN,O
609,609,2,Nala,B-PER,NNP,O
610,610,2,also,O,RB,O
611,611,2,hearing,O,VBG,O
612,612,2,of,O,IN,O
613,613,2,that,O,DT,O
614,614,2,concourse,O,NN,O
615,615,2,of,O,IN,O
616,616,2,"kings,",O,NN,O
617,617,2,set,O,VBN,O
618,618,2,out,O,RP,O
619,619,2,with,O,IN,O
620,620,2,a,O,DT,O
621,621,2,cheerful,O,JJ,O
622,622,2,"heart,",O,NN,O
623,623,2,full,O,JJ,O
624,624,2,of,O,IN,O
625,625,2,Damayanti's,B-PER,NNP,O
626,626,2,love.,O,NN,O
627,627,2,And,O,CC,O
628,628,2,(it,O,VB,O
629,629,2,came,O,VBD,O
630,630,2,to,O,TO,O
631,631,2,pass),O,VB,O
632,632,2,that,O,IN,O
633,633,2,the,O,DT,O
634,634,2,gods,O,NNS,O
635,635,2,saw,O,VBD,O
636,636,2,Nala,B-PER,NNP,O
637,637,2,on,O,IN,O
638,638,2,the,O,DT,O
639,639,2,way,O,NN,O
640,640,2,treading,O,VBG,O
641,641,2,on,O,IN,O
642,642,2,the,O,DT,O
643,643,2,earth.,O,NN,O
644,644,2,And,O,CC,O
645,645,2,his,O,PRPS,O
646,646,2,form,O,NN,O
647,647,2,owing,O,VBG,O
648,648,2,to,O,TO,O
649,649,2,its,O,PRPS,O
650,650,2,beauty,O,NN,O
651,651,2,was,O,VBD,O
652,652,2,like,O,IN,O
653,653,2,that,O,DT,O
654,654,2,of,O,IN,O
655,655,2,the,O,DT,O
656,656,2,god,O,NN,O
657,657,2,of,O,IN,O
658,658,2,love,O,NN,O
659,659,2,himself.,O,NN,O
660,660,2,And,O,CC,O
661,661,2,beholding,O,VBG,O
662,662,2,him,O,PRP,O
663,663,2,resplendent,O,JJ,O
664,664,2,as,O,IN,O
665,665,2,the,O,DT,O
666,666,2,"sun,",O,NN,O
667,667,2,the,O,DT,O
668,668,2,Lokapalas,B-COMMUNITY,NNP,O
669,669,2,were,O,VBD,O
670,670,2,filled,O,VBN,O
671,671,2,with,O,IN,O
672,672,2,astonishment,O,NN,O
673,673,2,at,O,IN,O
674,674,2,his,O,PRPS,O
675,675,2,wealth,O,NN,O
676,676,2,of,O,IN,O
677,677,2,"beauty,",O,NN,O
678,678,2,and,O,CC,O
679,679,2,abandoned,O,VBD,O
680,680,2,their,O,PRPS,O
681,681,2,intention.,O,NN,O
682,682,2,"And,",O,NNP,O
683,683,2,O,O,NNP,O
684,684,2,"king,",O,VBD,O
685,685,2,leaving,O,VBG,O
686,686,2,their,O,PRPS,O
687,687,2,cars,O,NNS,O
688,688,2,in,O,IN,O
689,689,2,the,O,DT,O
690,690,2,sky,O,NN,O
691,691,2,the,O,DT,O
692,692,2,dwellers,O,NNS,O
693,693,2,of,O,IN,O
694,694,2,heaven,O,RB,O
695,695,2,alighted,O,VBN,O
696,696,2,from,O,IN,O
697,697,2,the,O,DT,O
698,698,2,welkin,O,NN,O
699,699,2,and,O,CC,O
700,700,2,spake,O,VB,O
701,701,2,unto,O,IN,O
702,702,2,the,O,DT,O
703,703,2,ruler,O,NN,O
704,704,2,of,O,IN,O
705,705,2,the,O,DT,O
706,706,2,"Nishadhas,",O,NNP,O
707,707,2,"saying,",O,NN,O
708,708,2,'O,O,VBZ,O
709,709,2,foremost,O,NN,O
710,710,2,of,O,IN,O
711,711,2,monarchs,O,NN,O
712,712,2,ruling,O,VBG,O
713,713,2,the,O,DT,O
714,714,2,"Nishadhas,",O,NNP,O
715,715,2,O,O,NNP,O
716,716,2,"Nala,",O,NNP,O
717,717,2,thou,O,JJ,O
718,718,2,art,O,RB,O
719,719,2,devoted,O,VBN,O
720,720,2,to,O,TO,O
721,721,2,truth.,O,VB,O
722,722,2,Do,O,VB,O
723,723,2,thou,O,VB,O
724,724,2,help,O,VB,O
725,725,2,us.,O,VB,O
726,726,2,O,O,NNP,O
727,727,2,best,O,JJS,O
728,728,2,of,O,IN,O
729,729,2,"men,",O,NN,O
730,730,2,be,O,VB,O
731,731,2,thou,O,JJ,O
732,732,2,our,O,PRPS,O
733,733,2,"messenger.'""",O,NN,O
734,734,3,"messenger.'""",O,NN,O
735,735,4,"""Vrihadaswa",O,JJ,O
736,736,4,"continued,",O,NN,O
737,737,4,'O,O,POS,O
738,738,4,"Bharata,",O,NNP,O
739,739,4,Nala,B-PER,NNP,O
740,740,4,pledged,O,VBD,O
741,741,4,his,O,PRPS,O
742,742,4,word,O,NN,O
743,743,4,to,O,TO,O
744,744,4,the,O,DT,O
745,745,4,celestials,O,NNS,O
746,746,4,"saying,",O,VBP,O
747,747,4,'I,O,CD,O
748,748,4,will,O,MD,O
749,749,4,do,O,VB,O
750,750,4,it.',O,VB,O
751,751,4,And,O,CC,O
752,752,4,then,O,RB,O
753,753,4,approaching,O,VBG,O
754,754,4,"these,",O,NN,O
755,755,4,he,O,PRP,O
756,756,4,asked,O,VBD,O
757,757,4,with,O,IN,O
758,758,4,folded,O,JJ,O
759,759,4,hands.,O,NN,O
760,760,4,'Who,O,NNS,O
761,761,4,are,O,VBP,O
762,762,4,ye?,O,JJ,O
763,763,4,And,O,CC,O
764,764,4,who,O,WP,O
765,765,4,also,O,RB,O
766,766,4,is,O,VBZ,O
767,767,4,he,O,PRP,O
768,768,4,that,O,IN,O
769,769,4,desireth,O,VBZ,O
770,770,4,me,O,PRP,O
771,771,4,to,O,TO,O
772,772,4,be,O,VB,O
773,773,4,his,O,PRPS,O
774,774,4,messenger?,O,NN,O
775,775,4,And,O,CC,O
776,776,4,"what,",O,NN,O
777,777,4,"further,",O,VBP,O
778,778,4,shall,O,MD,O
779,779,4,I,O,PRP,O
780,780,4,have,O,VBP,O
781,781,4,to,O,TO,O
782,782,4,do,O,VB,O
783,783,4,for,O,IN,O
784,784,4,you?,O,NN,O
785,785,4,O,O,NNP,O
786,786,4,tell,O,VB,O
787,787,4,me,O,PRP,O
788,788,4,truly!',O,VB,O
789,789,4,#NAME?,O,VB,O
790,790,4,the,O,DT,O
791,791,4,king,O,NN,O
792,792,4,of,O,IN,O
793,793,4,the,O,DT,O
794,794,4,Nishadhas,B-COMMUNITY,NNP,O
795,795,4,spoke,O,VBD,O
796,796,4,"thus,",O,JJ,O
797,797,4,Maghavat,B-PER,NNP,O
798,798,4,"replied,",O,NN,O
799,799,4,"saying,",O,NN,O
800,800,4,'Know,O,VBP,O
801,801,4,us,O,PRP,O
802,802,4,as,O,IN,O
803,803,4,the,O,DT,O
804,804,4,immortals,O,NNS,O
805,805,4,come,O,VBP,O
806,806,4,hither,O,NN,O
807,807,4,for,O,IN,O
808,808,4,Damayanti's,B-PER,NNP,O
809,809,4,sake.,O,NN,O
810,810,4,I,O,PRP,O
811,811,4,am,O,VBP,O
812,812,4,"Indra,",O,RB,O
813,813,4,this,O,DT,O
814,814,4,one,O,NN,O
815,815,4,is,O,VBZ,O
816,816,4,"Agni,",O,NNP,O
817,817,4,this,O,DT,O
818,818,4,the,O,DT,O
819,819,4,lord,O,NN,O
820,820,4,of,O,IN,O
821,821,4,"waters,",O,NN,O
822,822,4,and,O,CC,O
823,823,4,"this,",O,NN,O
824,824,4,O,O,NNP,O
825,825,4,"king,",O,NN,O
826,826,4,is,O,VBZ,O
827,827,4,even,O,RB,O
828,828,4,Yama,B-PER,NNP,O
829,829,4,the,O,DT,O
830,830,4,destroyer,O,NN,O
831,831,4,of,O,IN,O
832,832,4,the,O,DT,O
833,833,4,bodies,O,NNS,O
834,834,4,of,O,IN,O
835,835,4,men.,O,NN,O
836,836,4,Do,O,VB,O
837,837,4,thou,O,NNS,O
838,838,4,inform,O,VB,O
839,839,4,Damayanti,B-PER,NNP,O
840,840,4,of,O,IN,O
841,841,4,our,O,PRPS,O
842,842,4,"arrival,",O,NN,O
843,843,4,"saying,",O,VBZ,O
844,844,4,'The,O,POS,O
845,845,4,guardians,O,NNS,O
846,846,4,of,O,IN,O
847,847,4,the,O,DT,O
848,848,4,"world,",O,NN,O
849,849,4,(consisting,O,VBG,O
850,850,4,of),O,IN,O
851,851,4,the,O,DT,O
852,852,4,great,O,JJ,O
853,853,4,Indra,B-PER,NNP,O
854,854,4,and,O,CC,O
855,855,4,the,O,DT,O
856,856,4,"others,",O,NNS,O
857,857,4,are,O,VBP,O
858,858,4,coming,O,VBG,O
859,859,4,to,O,TO,O
860,860,4,the,O,DT,O
861,861,4,"assembly,",O,NN,O
862,862,4,desirous,O,JJ,O
863,863,4,of,O,IN,O
864,864,4,beholding,O,VBG,O
865,865,4,(the,O,NNP,O
866,866,4,Swayamvara).,O,NNP,O
867,867,4,The,O,DT,O
868,868,4,"gods,",O,NN,O
869,869,4,Sakra,B-PER,NNP,O
870,870,4,and,O,CC,O
871,871,4,Agni,B-PER,NNP,O
872,872,4,and,O,CC,O
873,873,4,Varuna,B-PER,NNP,O
874,874,4,and,O,CC,O
875,875,4,"Yama,",O,NNP,O
876,876,4,desire,O,NN,O
877,877,4,to,O,TO,O
878,878,4,obtain,O,VB,O
879,879,4,thee.,O,NN,O
880,880,4,Do,O,VB,O
881,881,4,"thou,",O,NNS,O
882,882,4,"therefore,",O,VB,O
883,883,4,choose,O,VBP,O
884,884,4,one,O,CD,O
885,885,4,of,O,IN,O
886,886,4,them,O,PRP,O
887,887,4,for,O,IN,O
888,888,4,thy,O,NN,O
889,889,4,lord.',O,NN,O
890,890,4,Thus,O,RB,O
891,891,4,addressed,O,VBN,O
892,892,4,by,O,IN,O
893,893,4,"Sakra,",O,NNP,O
894,894,4,Nala,B-PER,NNP,O
895,895,4,said,O,VBD,O
896,896,4,with,O,IN,O
897,897,4,joined,O,JJ,O
898,898,4,"hands,",O,NN,O
899,899,4,'I,O,NNS,O
900,900,4,have,O,VBP,O
901,901,4,come,O,VBN,O
902,902,4,here,O,RB,O
903,903,4,with,O,IN,O
904,904,4,the,O,DT,O
905,905,4,self,O,NN,O
906,906,4,same,O,JJ,O
907,907,4,object.,O,NN,O
908,908,4,It,O,PRP,O
909,909,4,behoveth,O,VBZ,O
910,910,4,thee,O,RB,O
911,911,4,not,O,RB,O
912,912,4,to,O,TO,O
913,913,4,send,O,VB,O
914,914,4,me,O,PRP,O
915,915,4,(on,O,VB,O
916,916,4,this,O,DT,O
917,917,4,errand).,O,NN,O
918,918,4,How,O,WRB,O
919,919,4,can,O,MD,O
920,920,4,a,O,DT,O
921,921,4,person,O,NN,O
922,922,4,who,O,WP,O
923,923,4,is,O,VBZ,O
924,924,4,himself,O,PRP,O
925,925,4,under,O,IN,O
926,926,4,the,O,DT,O
927,927,4,influence,O,NN,O
928,928,4,of,O,IN,O
929,929,4,love,O,NN,O
930,930,4,bring,O,NN,O
931,931,4,himself,O,PRP,O
932,932,4,to,O,TO,O
933,933,4,speak,O,VB,O
934,934,4,thus,O,RB,O
935,935,4,unto,O,IN,O
936,936,4,a,O,DT,O
937,937,4,lady,O,NN,O
938,938,4,on,O,IN,O
939,939,4,behalf,O,NN,O
940,940,4,of,O,IN,O
941,941,4,others?,O,NN,O
942,942,4,"Therefore,",O,NNP,O
943,943,4,spare,O,JJ,O
944,944,4,"me,",O,NN,O
945,945,4,ye,O,NN,O
946,946,4,gods',O,VBD,O
947,947,4,The,O,DT,O
948,948,4,"gods,",O,NN,O
949,949,4,"however,",O,NN,O
950,950,4,"said,",O,NN,O
951,951,4,'O,O,POS,O
952,952,4,ruler,O,NN,O
953,953,4,of,O,IN,O
954,954,4,the,O,DT,O
955,955,4,"Nishadhas,",O,NNP,O
956,956,4,having,O,VBG,O
957,957,4,promised,O,VBN,O
958,958,4,"first,",O,JJ,O
959,959,4,"saying,",O,NN,O
960,960,4,'I,O,POS,O
961,961,4,will!,O,NN,O
962,962,4,why,O,WRB,O
963,963,4,wilt,O,JJ,O
964,964,4,thou,O,NN,O
965,965,4,not,O,RB,O
966,966,4,act,O,JJ,O
967,967,4,accordingly,O,RB,O
968,968,4,now?,O,JJ,O
969,969,4,O,O,NNP,O
970,970,4,ruler,O,NN,O
971,971,4,of,O,IN,O
972,972,4,the,O,DT,O
973,973,4,"Nishadhas,",O,NNP,O
974,974,4,tell,O,VBP,O
975,975,4,us,O,PRP,O
976,976,4,this,O,DT,O
977,977,4,without,O,IN,O
978,978,4,delay.',O,NN,O
979,979,5,"""Vrihadaswa",O,JJ,O
980,980,5,"continued,",O,NN,O
981,981,5,'Thus,O,NNS,O
982,982,5,addressed,O,VBN,O
983,983,5,by,O,IN,O
984,984,5,those,O,DT,O
985,985,5,"celestials,",O,NNS,O
986,986,5,the,O,DT,O
987,987,5,ruler,O,NN,O
988,988,5,of,O,IN,O
989,989,5,Nishadhas,B-COMMUNITY,NNP,O
990,990,5,spake,O,VBP,O
991,991,5,"again,",O,JJ,O
992,992,5,"saying,",O,NN,O
993,993,5,'Those,O,POS,O
994,994,5,mansions,O,NNS,O
995,995,5,are,O,VBP,O
996,996,5,well-guarded.,O,JJ,O
997,997,5,How,O,WRB,O
998,998,5,can,O,MD,O
999,999,5,I,O,PRP,O
1000,1000,5,hope,O,VBP,O
1001,1001,5,to,O,TO,O
1002,1002,5,enter,O,VB,O
1003,1003,5,them?',O,NN,O
1004,1004,5,Indra,B-PER,NNP,O
1005,1005,5,"replied,",O,NN,O
1006,1006,5,'Thou,O,POS,O
1007,1007,5,shalt,O,NN,O
1008,1008,5,be,O,VB,O
1009,1009,5,able,O,JJ,O
1010,1010,5,to,O,TO,O
1011,1011,5,enter.',O,VB,O
1012,1012,5,"And,",B-PER,NNP,O
1013,1013,5,"saying,",O,VBD,O
1014,1014,5,So,O,RB,O
1015,1015,5,be,O,VB,O
1016,1016,5,it.',O,JJ,O
1017,1017,5,Nala,B-PER,NNP,O
1018,1018,5,thereupon,O,NN,O
1019,1019,5,went,O,VBD,O
1020,1020,5,to,O,TO,O
1021,1021,5,the,O,DT,O
1022,1022,5,palace,O,NN,O
1023,1023,5,of,O,IN,O
1024,1024,5,Damayanti.,O,NNP,O
1025,1025,5,And,O,CC,O
1026,1026,5,having,O,VBG,O
1027,1027,5,arrived,O,VBN,O
1028,1028,5,"there,",O,NN,O
1029,1029,5,he,O,PRP,O
1030,1030,5,beheld,O,VBD,O
1031,1031,5,the,O,DT,O
1032,1032,5,daughter,O,NN,O
1033,1033,5,of,O,IN,O
1034,1034,5,the,O,DT,O
1035,1035,5,king,O,NN,O
1036,1036,5,of,O,IN,O
1037,1037,5,Vidarbha,B-PER,NNP,O
1038,1038,5,surrounded,O,VBN,O
1039,1039,5,by,O,IN,O
1040,1040,5,her,O,PRPS,O
1041,1041,5,"hand-maids,",O,JJ,O
1042,1042,5,blazing,O,NN,O
1043,1043,5,in,O,IN,O
1044,1044,5,beauty,O,NN,O
1045,1045,5,and,O,CC,O
1046,1046,5,excelling,O,VBG,O
1047,1047,5,in,O,IN,O
1048,1048,5,symmetry,O,NN,O
1049,1049,5,of,O,IN,O
1050,1050,5,"form,",O,NN,O
1051,1051,5,of,O,IN,O
1052,1052,5,limbs,O,NNS,O
1053,1053,5,exceedingly,O,RB,O
1054,1054,5,"delicate,",O,NNS,O
1055,1055,5,of,O,IN,O
1056,1056,5,slender,O,NN,O
1057,1057,5,waist,O,NN,O
1058,1058,5,and,O,CC,O
1059,1059,5,fair,O,JJ,O
1060,1060,5,eyes.,O,NN,O
1061,1061,5,And,O,CC,O
1062,1062,5,she,O,PRP,O
1063,1063,5,seemed,O,VBD,O
1064,1064,5,to,O,TO,O
1065,1065,5,rebuke,O,VB,O
1066,1066,5,the,O,DT,O
1067,1067,5,light,O,NN,O
1068,1068,5,of,O,IN,O
1069,1069,5,the,O,DT,O
1070,1070,5,moon,O,NN,O
1071,1071,5,by,O,IN,O
1072,1072,5,her,O,PRPS,O
1073,1073,5,own,O,JJ,O
1074,1074,5,splendour.,O,NN,O
1075,1075,5,And,O,CC,O
1076,1076,5,as,O,IN,O
1077,1077,5,he,O,PRP,O
1078,1078,5,gazed,O,VBD,O
1079,1079,5,on,O,IN,O
1080,1080,5,that,O,DT,O
1081,1081,5,lady,O,NN,O
1082,1082,5,of,O,IN,O
1083,1083,5,sweet,O,JJ,O
1084,1084,5,smiles.,O,NN,O
1085,1085,5,Nala's,B-PER,NNP,O
1086,1086,5,love,O,VBP,O
1087,1087,5,"increased,",O,NN,O
1088,1088,5,but,O,CC,O
1089,1089,5,desirous,O,JJ,O
1090,1090,5,of,O,IN,O
1091,1091,5,keeping,O,VBG,O
1092,1092,5,his,O,PRPS,O
1093,1093,5,"truth,",O,NN,O
1094,1094,5,he,O,PRP,O
1095,1095,5,suppressed,O,VBD,O
1096,1096,5,his,O,PRPS,O
1097,1097,5,passion.,O,NN,O
1098,1098,5,And,O,CC,O
1099,1099,5,at,O,IN,O
1100,1100,5,the,O,DT,O
1101,1101,5,sight,O,NN,O
1102,1102,5,of,O,IN,O
1103,1103,5,"Naishadha,",O,NNP,O
1104,1104,5,overpowered,O,VBN,O
1105,1105,5,by,O,IN,O
1106,1106,5,his,O,PRPS,O
1107,1107,5,"effulgence,",O,NN,O
1108,1108,5,those,O,DT,O
1109,1109,5,first,O,JJ,O
1110,1110,5,of,O,IN,O
1111,1111,5,women,O,NNS,O
1112,1112,5,sprang,O,VBP,O
1113,1113,5,up,O,RB,O
1114,1114,5,from,O,IN,O
1115,1115,5,their,O,PRPS,O
1116,1116,5,seats,O,NNS,O
1117,1117,5,in,O,IN,O
1118,1118,5,amazement.,O,NN,O
1119,1119,5,And,O,CC,O
1120,1120,5,filled,O,VBN,O
1121,1121,5,with,O,IN,O
1122,1122,5,wonder,O,NN,O
1123,1123,5,(at,O,FW,O
1124,1124,5,his,O,PRPS,O
1125,1125,5,"sight),",O,NN,O
1126,1126,5,they,O,PRP,O
1127,1127,5,praised,O,VBD,O
1128,1128,5,Nala,B-PER,NNP,O
1129,1129,5,in,O,IN,O
1130,1130,5,gladness,O,NN,O
1131,1131,5,of,O,IN,O
1132,1132,5,heart.,O,NN,O
1133,1133,5,And,O,CC,O
1134,1134,5,without,O,IN,O
1135,1135,5,saying,O,VBG,O
1136,1136,5,"anything,",O,NN,O
1137,1137,5,they,O,PRP,O
1138,1138,5,mentally,O,RB,O
1139,1139,5,paid,O,VBD,O
1140,1140,5,him,O,PRP,O
1141,1141,5,"homage,",O,VB,O
1142,1142,5,"'Oh,",O,'',O
1143,1143,5,what,O,WP,O
1144,1144,5,comeliness!,O,NN,O
1145,1145,5,"Oh,",O,NNP,O
1146,1146,5,what,O,WP,O
1147,1147,5,gentleness,O,NN,O
1148,1148,5,belongeth,O,NN,O
1149,1149,5,to,O,TO,O
1150,1150,5,this,O,DT,O
1151,1151,5,high-souled,O,JJ,O
1152,1152,5,one!,O,NN,O
1153,1153,5,Who,O,WP,O
1154,1154,5,is,O,VBZ,O
1155,1155,5,he?,O,NN,O
1156,1156,5,Is,O,VBZ,O
1157,1157,5,he,O,PRP,O
1158,1158,5,some,O,DT,O
1159,1159,5,god,O,NN,O
1160,1160,5,or,O,CC,O
1161,1161,5,Yaksha,B-COMMUNITY,NNP,O
1162,1162,5,or,O,CC,O
1163,1163,5,Gandharva?',O,NNP,O
1164,1164,5,And,O,CC,O
1165,1165,5,those,O,DT,O
1166,1166,5,foremost,O,NNS,O
1167,1167,5,of,O,IN,O
1168,1168,5,"women,",O,NN,O
1169,1169,5,confounded,O,VBN,O
1170,1170,5,by,O,IN,O
1171,1171,5,Nala's,B-PER,NNP,O
1172,1172,5,splendour,O,NN,O
1173,1173,5,and,O,CC,O
1174,1174,5,bashfulness,O,NN,O
1175,1175,5,would,O,MD,O
1176,1176,5,not,O,RB,O
1177,1177,5,accost,O,VB,O
1178,1178,5,him,O,PRP,O
1179,1179,5,at,O,IN,O
1180,1180,5,all,O,DT,O
1181,1181,5,in,O,IN,O
1182,1182,5,speech.,O,NN,O
1183,1183,5,And,O,CC,O
1184,1184,5,Damayanti,B-PER,NNP,O
1185,1185,5,although,O,IN,O
1186,1186,5,herself,O,PRP,O
1187,1187,5,struck,O,VBD,O
1188,1188,5,with,O,IN,O
1189,1189,5,"amazement,",O,JJ,O
1190,1190,5,smilingly,O,RB,O
1191,1191,5,addressed,O,VBD,O
1192,1192,5,the,O,DT,O
1193,1193,5,warlike,O,NN,O
1194,1194,5,Nala,B-PER,NNP,O
1195,1195,5,who,O,WP,O
1196,1196,5,also,O,RB,O
1197,1197,5,gently,O,RB,O
1198,1198,5,smiled,O,VBN,O
1199,1199,5,at,O,IN,O
1200,1200,5,"her,",O,NN,O
1201,1201,5,"saying,",O,NN,O
1202,1202,5,'What,O,POS,O
1203,1203,5,art,O,NN,O
1204,1204,5,"thou,",O,NN,O
1205,1205,5,O,O,NNP,O
1206,1206,5,thou,O,NN,O
1207,1207,5,of,O,IN,O
1208,1208,5,faultless,O,JJ,O
1209,1209,5,"features,",O,NN,O
1210,1210,5,that,O,IN,O
1211,1211,5,hast,O,VBD,O
1212,1212,5,come,O,VB,O
1213,1213,5,here,O,RB,O
1214,1214,5,awakening,O,VBG,O
1215,1215,5,my,O,PRPS,O
1216,1216,5,love?,O,NN,O
1217,1217,5,O,O,NNP,O
1218,1218,5,sinless,O,NN,O
1219,1219,5,"one,",O,NN,O
1220,1220,5,O,O,NNP,O
1221,1221,5,hero,O,NN,O
1222,1222,5,of,O,IN,O
1223,1223,5,celestial,O,JJ,O
1224,1224,5,"form,",O,NN,O
1225,1225,5,I,O,PRP,O
1226,1226,5,am,O,VBP,O
1227,1227,5,anxious,O,JJ,O
1228,1228,5,to,O,TO,O
1229,1229,5,know,O,VB,O
1230,1230,5,who,O,WP,O
1231,1231,5,thou,O,VBP,O
1232,1232,5,art,O,VBP,O
1233,1233,5,that,O,IN,O
1234,1234,5,hast,O,NN,O
1235,1235,5,come,O,VBP,O
1236,1236,5,hither.,O,NN,O
1237,1237,5,And,O,CC,O
1238,1238,5,why,O,WRB,O
1239,1239,5,hast,O,JJ,O
1240,1240,5,thou,O,NN,O
1241,1241,5,come,O,VBP,O
1242,1242,5,hither?,O,NN,O
1243,1243,5,And,O,CC,O
1244,1244,5,how,O,WRB,O
1245,1245,5,is,O,VBZ,O
1246,1246,5,it,O,PRP,O
1247,1247,5,that,O,IN,O
1248,1248,5,thou,O,VBD,O
1249,1249,5,hast,O,NN,O
1250,1250,5,not,O,RB,O
1251,1251,5,been,O,VBN,O
1252,1252,5,discovered,O,VBN,O
1253,1253,5,by,O,IN,O
1254,1254,5,any,O,DT,O
1255,1255,5,"one,",O,JJ,O
1256,1256,5,considering,O,VBG,O
1257,1257,5,that,O,IN,O
1258,1258,5,my,O,PRPS,O
1259,1259,5,apartments,O,NNS,O
1260,1260,5,are,O,VBP,O
1261,1261,5,well-guarded,O,JJ,O
1262,1262,5,and,O,CC,O
1263,1263,5,the,O,DT,O
1264,1264,5,king's,O,NN,O
1265,1265,5,mandates,O,NNS,O
1266,1266,5,are,O,VBP,O
1267,1267,5,stern.',O,JJ,O
1268,1268,5,Thus,O,RB,O
1269,1269,5,addressed,O,VBN,O
1270,1270,5,by,O,IN,O
1271,1271,5,the,O,DT,O
1272,1272,5,daughter,O,NN,O
1273,1273,5,of,O,IN,O
1274,1274,5,the,O,DT,O
1275,1275,5,king,O,NN,O
1276,1276,5,of,O,IN,O
1277,1277,5,the,O,DT,O
1278,1278,5,"Vidarbhas,",O,NNP,O
1279,1279,5,Nala,B-PER,NNP,O
1280,1280,5,"replied,",O,NN,O
1281,1281,5,'O,O,POS,O
1282,1282,5,beauteous,O,JJ,O
1283,1283,5,"lady,",O,NNS,O
1284,1284,5,know,O,VBP,O
1285,1285,5,that,O,IN,O
1286,1286,5,my,O,PRPS,O
1287,1287,5,name,O,NN,O
1288,1288,5,is,O,VBZ,O
1289,1289,5,Nala.,O,NNP,O
1290,1290,5,I,O,PRP,O
1291,1291,5,come,O,VBP,O
1292,1292,5,here,O,RB,O
1293,1293,5,as,O,IN,O
1294,1294,5,the,O,DT,O
1295,1295,5,messenger,O,NN,O
1296,1296,5,of,O,IN,O
1297,1297,5,the,O,DT,O
1298,1298,5,gods.,O,NN,O
1299,1299,5,The,O,DT,O
1300,1300,5,"celestials,",O,NN,O
1301,1301,5,"Sakra,",O,NNP,O
1302,1302,5,"Agni,",B-PER,NNP,O
1303,1303,5,Varuna,B-PER,NNP,O
1304,1304,5,and,O,CC,O
1305,1305,5,"Yama,",O,NNP,O
1306,1306,5,desire,O,NN,O
1307,1307,5,to,O,TO,O
1308,1308,5,have,O,VB,O
1309,1309,5,thee.,O,NN,O
1310,1310,5,O,O,NNP,O
1311,1311,5,beautiful,O,JJ,O
1312,1312,5,"lady,",O,NN,O
1313,1313,5,do,O,VBP,O
1314,1314,5,thou,O,RB,O
1315,1315,5,choose,O,VB,O
1316,1316,5,one,O,CD,O
1317,1317,5,of,O,IN,O
1318,1318,5,them,O,PRP,O
1319,1319,5,for,O,IN,O
1320,1320,5,thy,O,NN,O
1321,1321,5,lord.,O,NN,O
1322,1322,5,It,O,PRP,O
1323,1323,5,is,O,VBZ,O
1324,1324,5,through,O,IN,O
1325,1325,5,their,O,PRPS,O
1326,1326,5,power,O,NN,O
1327,1327,5,that,O,IN,O
1328,1328,5,I,O,PRP,O
1329,1329,5,have,O,VBP,O
1330,1330,5,entered,O,VBN,O
1331,1331,5,here,O,RB,O
1332,1332,5,"unperceived,",O,JJ,O
1333,1333,5,and,O,CC,O
1334,1334,5,it,O,PRP,O
1335,1335,5,is,O,VBZ,O
1336,1336,5,for,O,IN,O
1337,1337,5,this,O,DT,O
1338,1338,5,reason,O,NN,O
1339,1339,5,that,O,IN,O
1340,1340,5,none,O,NN,O
1341,1341,5,saw,O,VBD,O
1342,1342,5,me,O,PRP,O
1343,1343,5,on,O,IN,O
1344,1344,5,my,O,PRPS,O
1345,1345,5,way,O,NN,O
1346,1346,5,or,O,CC,O
1347,1347,5,obstructed,O,VBN,O
1348,1348,5,my,O,PRPS,O
1349,1349,5,entrance.,O,NN,O
1350,1350,5,O,O,NNP,O
1351,1351,5,gentle,O,JJ,O
1352,1352,5,"one,",O,NN,O
1353,1353,5,I,O,PRP,O
1354,1354,5,have,O,VBP,O
1355,1355,5,been,O,VBN,O
1356,1356,5,sent,O,VBN,O
1357,1357,5,by,O,IN,O
1358,1358,5,the,O,DT,O
1359,1359,5,foremost,O,NN,O
1360,1360,5,of,O,IN,O
1361,1361,5,the,O,DT,O
1362,1362,5,celestials,O,NNS,O
1363,1363,5,even,O,RB,O
1364,1364,5,for,O,IN,O
1365,1365,5,this,O,DT,O
1366,1366,5,object.,O,NN,O
1367,1367,5,Hearing,O,VBG,O
1368,1368,5,"this,",O,NN,O
1369,1369,5,O,O,NNP,O
1370,1370,5,fortunate,O,NN,O
1371,1371,5,"one,",O,NN,O
1372,1372,5,do,O,VBP,O
1373,1373,5,what,O,WP,O
1374,1374,5,thou,O,VB,O
1375,1375,5,"pleasest.'""",O,NN,O
1376,1376,6,"pleasest.'""",O,NN,O
1377,1377,7,"""Vrihadaswa",O,JJ,O
1378,1378,7,"said,",O,NN,O
1379,1379,7,"'Damayanti,",O,CD,O
1380,1380,7,having,O,VBG,O
1381,1381,7,bowed,O,VBN,O
1382,1382,7,down,O,RP,O
1383,1383,7,unto,O,IN,O
1384,1384,7,the,O,DT,O
1385,1385,7,"gods,",O,NN,O
1386,1386,7,thus,O,RB,O
1387,1387,7,addressed,O,VBD,O
1388,1388,7,Nala,B-PER,NNP,O
1389,1389,7,with,O,IN,O
1390,1390,7,a,O,DT,O
1391,1391,7,"smile,",O,NN,O
1392,1392,7,'O,O,POS,O
1393,1393,7,"king,",O,NN,O
1394,1394,7,love,O,IN,O
1395,1395,7,me,O,PRP,O
1396,1396,7,with,O,IN,O
1397,1397,7,proper,O,JJ,O
1398,1398,7,"regard,",O,NN,O
1399,1399,7,and,O,CC,O
1400,1400,7,command,O,VB,O
1401,1401,7,me,O,PRP,O
1402,1402,7,what,O,WP,O
1403,1403,7,I,O,PRP,O
1404,1404,7,shall,O,MD,O
1405,1405,7,do,O,VB,O
1406,1406,7,for,O,IN,O
1407,1407,7,thee.,O,NN,O
1408,1408,7,Myself,O,NNP,O
1409,1409,7,and,O,CC,O
1410,1410,7,what,O,WP,O
1411,1411,7,else,O,RB,O
1412,1412,7,of,O,IN,O
1413,1413,7,wealth,O,NN,O
1414,1414,7,is,O,VBZ,O
1415,1415,7,mine,O,JJ,O
1416,1416,7,are,O,VBP,O
1417,1417,7,thine.,O,JJ,O
1418,1418,7,Grant,O,NNP,O
1419,1419,7,"me,",O,NN,O
1420,1420,7,O,O,NNP,O
1421,1421,7,exalted,O,VBD,O
1422,1422,7,"one,",O,RP,O
1423,1423,7,thy,O,JJ,O
1424,1424,7,love,O,NN,O
1425,1425,7,in,O,IN,O
1426,1426,7,full,O,JJ,O
1427,1427,7,trust.,O,NN,O
1428,1428,7,O,O,NNP,O
1429,1429,7,"king,",O,VBD,O
1430,1430,7,the,O,DT,O
1431,1431,7,language,O,NN,O
1432,1432,7,of,O,IN,O
1433,1433,7,the,O,DT,O
1434,1434,7,swans,O,NNS,O
1435,1435,7,in,O,IN,O
1436,1436,7,burning,O,VBG,O
1437,1437,7,me.,O,NN,O
1438,1438,7,It,O,PRP,O
1439,1439,7,is,O,VBZ,O
1440,1440,7,for,O,IN,O
1441,1441,7,thy,O,JJ,O
1442,1442,7,"sake,",O,NN,O
1443,1443,7,O,O,NNP,O
1444,1444,7,"hero,",O,NN,O
1445,1445,7,that,O,IN,O
1446,1446,7,I,O,PRP,O
1447,1447,7,have,O,VBP,O
1448,1448,7,caused,O,VBN,O
1449,1449,7,the,O,DT,O
1450,1450,7,kings,O,NNS,O
1451,1451,7,to,O,TO,O
1452,1452,7,meet.,O,VB,O
1453,1453,7,O,O,NNP,O
1454,1454,7,giver,O,NN,O
1455,1455,7,of,O,IN,O
1456,1456,7,proper,O,JJ,O
1457,1457,7,"honour,",O,NN,O
1458,1458,7,if,O,IN,O
1459,1459,7,thou,O,JJ,O
1460,1460,7,forsake,O,VBP,O
1461,1461,7,me,O,PRP,O
1462,1462,7,who,O,WP,O
1463,1463,7,adore,O,VBP,O
1464,1464,7,"thee,",O,NN,O
1465,1465,7,for,O,IN,O
1466,1466,7,thy,O,JJ,O
1467,1467,7,sake,O,NN,O
1468,1468,7,will,O,MD,O
1469,1469,7,I,O,PRP,O
1470,1470,7,resort,O,VB,O
1471,1471,7,to,O,TO,O
1472,1472,7,"poison,",O,VB,O
1473,1473,7,or,O,CC,O
1474,1474,7,"fire,",O,VB,O
1475,1475,7,or,O,CC,O
1476,1476,7,water,O,NN,O
1477,1477,7,or,O,CC,O
1478,1478,7,the,O,DT,O
1479,1479,7,rope.',O,NN,O
1480,1480,7,Thus,O,RB,O
1481,1481,7,addressed,O,VBN,O
1482,1482,7,by,O,IN,O
1483,1483,7,the,O,DT,O
1484,1484,7,daughter,O,NN,O
1485,1485,7,of,O,IN,O
1486,1486,7,the,O,DT,O
1487,1487,7,king,O,NN,O
1488,1488,7,of,O,IN,O
1489,1489,7,the,O,DT,O
1490,1490,7,"Vidarbhas,",O,NNP,O
1491,1491,7,Nala,B-PER,NNP,O
1492,1492,7,answered,O,VBD,O
1493,1493,7,her,O,PRPS,O
1494,1494,7,"saying,",O,NN,O
1495,1495,7,'With,O,IN,O
1496,1496,7,the,O,DT,O
1497,1497,7,Lokapalas,B-COMMUNITY,NNP,O
1498,1498,7,"present,",O,NN,O
1499,1499,7,choosest,O,NN,O
1500,1500,7,thou,O,NN,O
1501,1501,7,a,O,DT,O
1502,1502,7,man?,O,NN,O
1503,1503,7,Do,O,VB,O
1504,1504,7,thou,O,NNS,O
1505,1505,7,turn,O,VB,O
1506,1506,7,thy,O,JJ,O
1507,1507,7,heart,O,NN,O
1508,1508,7,to,O,TO,O
1509,1509,7,those,O,DT,O
1510,1510,7,high-souled,O,JJ,O
1511,1511,7,"lords,",O,VBP,O
1512,1512,7,the,O,DT,O
1513,1513,7,creators,O,NNS,O
1514,1514,7,of,O,IN,O
1515,1515,7,the,O,DT,O
1516,1516,7,"worlds,",O,NN,O
1517,1517,7,unto,O,IN,O
1518,1518,7,the,O,DT,O
1519,1519,7,dust,O,NN,O
1520,1520,7,of,O,IN,O
1521,1521,7,whose,O,WP$,O
1522,1522,7,feet,O,NNS,O
1523,1523,7,I,O,PRP,O
1524,1524,7,am,O,VBP,O
1525,1525,7,not,O,RB,O
1526,1526,7,equal.,O,JJ,O
1527,1527,7,Displeasing,O,VBG,O
1528,1528,7,the,O,DT,O
1529,1529,7,"gods,",O,NN,O
1530,1530,7,a,O,DT,O
1531,1531,7,mortal,O,JJ,O
1532,1532,7,cometh,O,NN,O
1533,1533,7,by,O,IN,O
1534,1534,7,death.,O,NN,O
1535,1535,7,Save,O,NNP,O
1536,1536,7,"me,",O,NN,O
1537,1537,7,O,O,NNP,O
1538,1538,7,thou,O,NN,O
1539,1539,7,of,O,IN,O
1540,1540,7,faultless,O,NN,O
1541,1541,7,limbs!,O,NN,O
1542,1542,7,Choose,O,NNP,O
1543,1543,7,thou,O,VBD,O
1544,1544,7,the,O,DT,O
1545,1545,7,all-excelling,O,JJ,O
1546,1546,7,celestials.,O,NN,O
1547,1547,7,By,O,IN,O
1548,1548,7,accepting,O,VBG,O
1549,1549,7,the,O,DT,O
1550,1550,7,"gods,",O,NN,O
1551,1551,7,do,O,VBP,O
1552,1552,7,thou,O,VB,O
1553,1553,7,enjoy,O,VB,O
1554,1554,7,spotless,O,JJ,O
1555,1555,7,"robes,",O,NN,O
1556,1556,7,and,O,CC,O
1557,1557,7,celestial,O,JJ,O
1558,1558,7,garlands,O,NNS,O
1559,1559,7,of,O,IN,O
1560,1560,7,variegated,O,JJ,O
1561,1561,7,"hues,",O,NN,O
1562,1562,7,and,O,CC,O
1563,1563,7,excellent,O,JJ,O
1564,1564,7,ornaments.,O,NN,O
1565,1565,7,What,O,WP,O
1566,1566,7,woman,O,NN,O
1567,1567,7,would,O,MD,O
1568,1568,7,not,O,RB,O
1569,1569,7,choose,O,VB,O
1570,1570,7,as,O,IN,O
1571,1571,7,her,O,PRPS,O
1572,1572,7,lord,O,NN,O
1573,1573,7,Hutasana--the,O,NNP,O
1574,1574,7,chief,O,NN,O
1575,1575,7,of,O,IN,O
1576,1576,7,the,O,DT,O
1577,1577,7,"celestials,",O,NN,O
1578,1578,7,who,O,WP,O
1579,1579,7,compassing,O,VBG,O
1580,1580,7,the,O,DT,O
1581,1581,7,earth,B-PLACE,NN,O
1582,1582,7,swalloweth,O,VBZ,O
1583,1583,7,it?,O,NN,O
1584,1584,7,What,O,WP,O
1585,1585,7,woman,O,NN,O
1586,1586,7,would,O,MD,O
1587,1587,7,not,O,RB,O
1588,1588,7,choose,O,VB,O
1589,1589,7,him,O,PRP,O
1590,1590,7,as,O,IN,O
1591,1591,7,her,O,PRP,O
1592,1592,7,lord,O,VBZ,O
1593,1593,7,the,O,DT,O
1594,1594,7,dread,O,NN,O
1595,1595,7,of,O,IN,O
1596,1596,7,whose,O,WP$,O
1597,1597,7,mace,O,NN,O
1598,1598,7,induceth,O,VBP,O
1599,1599,7,all,O,DT,O
1600,1600,7,creatures,O,NNS,O
1601,1601,7,to,O,TO,O
1602,1602,7,tread,O,VB,O
1603,1603,7,the,O,DT,O
1604,1604,7,path,O,NN,O
1605,1605,7,of,O,IN,O
1606,1606,7,virtue?,O,NN,O
1607,1607,7,And,O,CC,O
1608,1608,7,what,O,WP,O
1609,1609,7,woman,O,NN,O
1610,1610,7,would,O,MD,O
1611,1611,7,not,O,RB,O
1612,1612,7,choose,O,VB,O
1613,1613,7,as,O,IN,O
1614,1614,7,her,O,PRP,O
1615,1615,7,lord,O,VBZ,O
1616,1616,7,the,O,DT,O
1617,1617,7,virtuous,O,JJ,O
1618,1618,7,and,O,CC,O
1619,1619,7,high-souled,O,JJ,O
1620,1620,7,"Mahendra,",O,NNP,O
1621,1621,7,the,O,DT,O
1622,1622,7,lord,O,NN,O
1623,1623,7,of,O,IN,O
1624,1624,7,the,O,DT,O
1625,1625,7,"celestials,",O,NN,O
1626,1626,7,the,O,DT,O
1627,1627,7,chastiser,O,NN,O
1628,1628,7,of,O,IN,O
1629,1629,7,Daityas,B-COMMUNITY,NNP,O
1630,1630,7,and,O,CC,O
1631,1631,7,Danavas?,O,NNP,O
1632,1632,7,"Or,",O,NNP,O
1633,1633,7,if,O,IN,O
1634,1634,7,thou,O,JJ,O
1635,1635,7,couldst,O,NN,O
1636,1636,7,choose,O,NN,O
1637,1637,7,in,O,IN,O
1638,1638,7,thy,O,JJ,O
1639,1639,7,heart,O,NN,O
1640,1640,7,Varuna,B-PER,NNP,O
1641,1641,7,amongst,O,VBZ,O
1642,1642,7,the,O,DT,O
1643,1643,7,"Lokapalas,",O,NNP,O
1644,1644,7,do,O,VBP,O
1645,1645,7,so,O,RB,O
1646,1646,7,unhesitatingly.,O,JJ,O
1647,1647,7,O,O,NNP,O
1648,1648,7,accept,O,VBD,O
1649,1649,7,this,O,DT,O
1650,1650,7,friendly,O,JJ,O
1651,1651,7,advice.',O,NN,O
1652,1652,7,Thus,O,RB,O
1653,1653,7,addressed,O,VBN,O
1654,1654,7,by,O,IN,O
1655,1655,7,"Naishadha,",O,NNP,O
1656,1656,7,"Damayanti,",O,NNP,O
1657,1657,7,with,O,IN,O
1658,1658,7,eyes,O,NNS,O
1659,1659,7,bathed,O,VBN,O
1660,1660,7,in,O,IN,O
1661,1661,7,tears,O,NNS,O
1662,1662,7,of,O,IN,O
1663,1663,7,grief,O,JJ,O
1664,1664,7,spake,O,NN,O
1665,1665,7,thus,O,RB,O
1666,1666,7,unto,O,JJ,O
1667,1667,7,"Nala,",O,NNP,O
1668,1668,7,'O,O,POS,O
1669,1669,7,lord,O,NN,O
1670,1670,7,of,O,IN,O
1671,1671,7,the,O,DT,O
1672,1672,7,"earth,",O,NN,O
1673,1673,7,bowing,O,VBG,O
1674,1674,7,to,O,TO,O
1675,1675,7,all,O,PDT,O
1676,1676,7,the,O,DT,O
1677,1677,7,"gods,",O,NN,O
1678,1678,7,I,O,PRP,O
1679,1679,7,choose,O,VBP,O
1680,1680,7,thee,O,NN,O
1681,1681,7,for,O,IN,O
1682,1682,7,my,O,PRPS,O
1683,1683,7,lord.,O,NN,O
1684,1684,7,Truly,O,RB,O
1685,1685,7,do,O,VBP,O
1686,1686,7,I,O,PRP,O
1687,1687,7,tell,O,VB,O
1688,1688,7,thee,O,NNS,O
1689,1689,7,this.',O,VB,O
1690,1690,7,The,O,DT,O
1691,1691,7,"king,",O,NN,O
1692,1692,7,who,O,WP,O
1693,1693,7,had,O,VBD,O
1694,1694,7,come,O,VBN,O
1695,1695,7,as,O,IN,O
1696,1696,7,the,O,DT,O
1697,1697,7,messenger,O,NN,O
1698,1698,7,of,O,IN,O
1699,1699,7,the,O,DT,O
1700,1700,7,"gods,",O,NN,O
1701,1701,7,replied,O,VBD,O
1702,1702,7,unto,O,IN,O
1703,1703,7,the,O,DT,O
1704,1704,7,trembling,O,VBG,O
1705,1705,7,Damayanti,B-PER,NNP,O
1706,1706,7,standing,O,VBG,O
1707,1707,7,with,O,IN,O
1708,1708,7,folded,O,JJ,O
1709,1709,7,"hands,",O,NN,O
1710,1710,7,'O,O,POS,O
1711,1711,7,amiable,O,JJ,O
1712,1712,7,"one,",O,NNS,O
1713,1713,7,do,O,VBP,O
1714,1714,7,as,O,IN,O
1715,1715,7,thou,O,NN,O
1716,1716,7,pleasest.,O,NN,O
1717,1717,7,Having,O,VBG,O
1718,1718,7,given,O,VBN,O
1719,1719,7,my,O,PRPS,O
1720,1720,7,"pledge,",O,NN,O
1721,1721,7,O,O,NNP,O
1722,1722,7,blessed,O,VBD,O
1723,1723,7,"one,",O,RB,O
1724,1724,7,unto,O,IN,O
1725,1725,7,the,O,DT,O
1726,1726,7,gods,O,NNS,O
1727,1727,7,in,O,IN,O
1728,1728,7,"especial,",O,JJ,O
1729,1729,7,how,O,WRB,O
1730,1730,7,can,O,MD,O
1731,1731,7,"I,",O,VB,O
1732,1732,7,having,O,VBG,O
1733,1733,7,come,O,VBN,O
1734,1734,7,on,O,IN,O
1735,1735,7,other's,O,JJ,O
1736,1736,7,"mission,",O,NN,O
1737,1737,7,dare,O,NN,O
1738,1738,7,seek,O,VB,O
1739,1739,7,my,O,PRPS,O
1740,1740,7,own,O,JJ,O
1741,1741,7,interest?,O,NN,O
1742,1742,7,If,O,IN,O
1743,1743,7,seeking,O,VBG,O
1744,1744,7,my,O,PRPS,O
1745,1745,7,own,O,JJ,O
1746,1746,7,interest,O,NN,O
1747,1747,7,consists,O,VBZ,O
1748,1748,7,with,O,IN,O
1749,1749,7,"virtue,",O,NN,O
1750,1750,7,I,O,PRP,O
1751,1751,7,will,O,MD,O
1752,1752,7,seek,O,VB,O
1753,1753,7,"it,",O,NN,O
1754,1754,7,and,O,CC,O
1755,1755,7,do,O,VB,O
1756,1756,7,thou,O,JJR,O
1757,1757,7,"also,",O,VB,O
1758,1758,7,O,O,NNP,O
1759,1759,7,beauteous,O,JJ,O
1760,1760,7,"one,",O,NN,O
1761,1761,7,act,O,NN,O
1762,1762,7,accordingly.',O,NN,O
1763,1763,7,Then,O,RB,O
1764,1764,7,Damayanti,B-PER,NNP,O
1765,1765,7,of,O,IN,O
1766,1766,7,luminous,O,JJ,O
1767,1767,7,smiles,O,NNS,O
1768,1768,7,slowly,O,RB,O
1769,1769,7,spake,O,VBP,O
1770,1770,7,unto,O,JJ,O
1771,1771,7,king,O,NN,O
1772,1772,7,"Nala,",O,NNP,O
1773,1773,7,in,O,IN,O
1774,1774,7,words,O,NNS,O
1775,1775,7,choked,O,VBN,O
1776,1776,7,with,O,IN,O
1777,1777,7,"tears,",O,JJ,O
1778,1778,7,'O,O,POS,O
1779,1779,7,lord,O,NN,O
1780,1780,7,of,O,IN,O
1781,1781,7,men,O,NNS,O
1782,1782,7,I,O,PRP,O
1783,1783,7,see,O,VBP,O
1784,1784,7,a,O,DT,O
1785,1785,7,blameless,O,NN,O
1786,1786,7,"way,",O,NN,O
1787,1787,7,by,O,IN,O
1788,1788,7,which,O,WDT,O
1789,1789,7,no,O,DT,O
1790,1790,7,sin,O,NN,O
1791,1791,7,whatever,O,WDT,O
1792,1792,7,will,O,MD,O
1793,1793,7,attach,O,VB,O
1794,1794,7,unto,O,JJ,O
1795,1795,7,thee.,O,NN,O
1796,1796,7,O,O,NNP,O
1797,1797,7,"king,",O,NN,O
1798,1798,7,do,O,VBP,O
1799,1799,7,"thou,",O,VB,O
1800,1800,7,O,O,NNP,O
1801,1801,7,foremost,O,NN,O
1802,1802,7,of,O,IN,O
1803,1803,7,"men,",O,NN,O
1804,1804,7,come,O,VBN,O
1805,1805,7,to,O,TO,O
1806,1806,7,the,O,DT,O
1807,1807,7,Swayamvara,B-EVE,NNP,O
1808,1808,7,in,O,IN,O
1809,1809,7,company,O,NN,O
1810,1810,7,with,O,IN,O
1811,1811,7,all,O,PDT,O
1812,1812,7,the,O,DT,O
1813,1813,7,gods,O,NNS,O
1814,1814,7,headed,O,VBN,O
1815,1815,7,by,O,IN,O
1816,1816,7,Indra.,O,NNP,O
1817,1817,7,"There,",O,NNP,O
1818,1818,7,O,O,NNP,O
1819,1819,7,"Monarch,",O,NNP,O
1820,1820,7,in,O,IN,O
1821,1821,7,the,O,DT,O
1822,1822,7,presence,O,NN,O
1823,1823,7,of,O,IN,O
1824,1824,7,the,O,DT,O
1825,1825,7,Lokapalas,B-COMMUNITY,NNP,O
1826,1826,7,I,O,PRP,O
1827,1827,7,"will,",O,VBP,O
1828,1828,7,O,O,NNP,O
1829,1829,7,tiger,O,NN,O
1830,1830,7,among,O,IN,O
1831,1831,7,"men,",O,JJ,O
1832,1832,7,choose,O,VBP,O
1833,1833,7,thee--at,O,JJ,O
1834,1834,7,which,O,WDT,O
1835,1835,7,no,O,DT,O
1836,1836,7,blame,O,NN,O
1837,1837,7,will,O,MD,O
1838,1838,7,be,O,VB,O
1839,1839,7,thine.',O,JJ,O
1840,1840,7,Thus,O,RB,O
1841,1841,7,"addressed,",O,RB,O
1842,1842,7,O,O,NNP,O
1843,1843,7,"monarch,",O,NN,O
1844,1844,7,by,O,IN,O
1845,1845,7,the,O,DT,O
1846,1846,7,daughter,O,NN,O
1847,1847,7,of,O,IN,O
1848,1848,7,"Vidarbha,",O,NNP,O
1849,1849,7,king,O,VBG,O
1850,1850,7,Nala,B-PER,NNP,O
1851,1851,7,returned,O,VBD,O
1852,1852,7,to,O,TO,O
1853,1853,7,where,O,WRB,O
1854,1854,7,the,O,DT,O
1855,1855,7,gods,O,NNS,O
1856,1856,7,were,O,VBD,O
1857,1857,7,staying,O,VBG,O
1858,1858,7,together.,O,NN,O
1859,1859,7,And,O,CC,O
1860,1860,7,beholding,O,VBG,O
1861,1861,7,him,O,PRP,O
1862,1862,7,approach,O,VBP,O
1863,1863,7,those,O,DT,O
1864,1864,7,great,O,JJ,O
1865,1865,7,"gods,",O,VBP,O
1866,1866,7,the,O,DT,O
1867,1867,7,"Lokapalas,",O,NNP,O
1868,1868,7,eagerly,O,RB,O
1869,1869,7,asked,O,VBD,O
1870,1870,7,him,O,PRP,O
1871,1871,7,about,O,IN,O
1872,1872,7,all,O,PDT,O
1873,1873,7,that,O,DT,O
1874,1874,7,had,O,VBD,O
1875,1875,7,happened,O,VBN,O
1876,1876,7,"saying,",O,JJ,O
1877,1877,7,'Hast,O,POS,O
1878,1878,7,"thou,",O,NN,O
1879,1879,7,O,O,NNP,O
1880,1880,7,"king,",O,NN,O
1881,1881,7,seen,O,VBN,O
1882,1882,7,Damayanti,B-PER,NNP,O
1883,1883,7,of,O,IN,O
1884,1884,7,sweet,O,JJ,O
1885,1885,7,smiles?,O,NN,O
1886,1886,7,What,O,WP,O
1887,1887,7,hath,O,NN,O
1888,1888,7,she,O,PRP,O
1889,1889,7,said,O,VBD,O
1890,1890,7,unto,O,JJ,O
1891,1891,7,us,O,PRP,O
1892,1892,7,all?,O,VBP,O
1893,1893,7,O,O,NNP,O
1894,1894,7,sinless,O,NN,O
1895,1895,7,"monarch,",O,NN,O
1896,1896,7,tell,O,VBP,O
1897,1897,7,us,O,PRP,O
1898,1898,7,everything.',O,VB,O
1899,1899,7,Nala,B-PER,NNP,O
1900,1900,7,"answered,",O,NN,O
1901,1901,7,'Commanded,O,VBN,O
1902,1902,7,by,O,IN,O
1903,1903,7,you,O,PRP,O
1904,1904,7,I,O,PRP,O
1905,1905,7,entered,O,VBD,O
1906,1906,7,Damayanti's,B-PER,NNP,O
1907,1907,7,palace,O,NN,O
1908,1908,7,furnished,O,VBD,O
1909,1909,7,with,O,IN,O
1910,1910,7,lofty,O,JJ,O
1911,1911,7,portals,O,NNS,O
1912,1912,7,guarded,O,VBN,O
1913,1913,7,by,O,IN,O
1914,1914,7,veteran,O,NN,O
1915,1915,7,warders,O,NNS,O
1916,1916,7,bearing,O,VBG,O
1917,1917,7,wands.,O,NN,O
1918,1918,7,And,O,CC,O
1919,1919,7,as,O,IN,O
1920,1920,7,I,O,PRP,O
1921,1921,7,"entered,",O,VBP,O
1922,1922,7,no,O,DT,O
1923,1923,7,one,O,NN,O
1924,1924,7,perceived,O,VBD,O
1925,1925,7,"me,",O,NN,O
1926,1926,7,by,O,IN,O
1927,1927,7,virtue,O,NN,O
1928,1928,7,of,O,IN,O
1929,1929,7,your,O,PRPS,O
1930,1930,7,"power,",O,NN,O
1931,1931,7,except,O,IN,O
1932,1932,7,the,O,DT,O
1933,1933,7,princess.,O,NN,O
1934,1934,7,And,O,CC,O
1935,1935,7,I,O,PRP,O
1936,1936,7,saw,O,VBD,O
1937,1937,7,her,O,PRP,O
1938,1938,7,"hand-maids,",O,NN,O
1939,1939,7,and,O,CC,O
1940,1940,7,they,O,PRP,O
1941,1941,7,also,O,RB,O
1942,1942,7,saw,O,VBD,O
1943,1943,7,me.,O,NNS,O
1944,1944,7,"And,",O,NNP,O
1945,1945,7,O,O,NNP,O
1946,1946,7,exalted,O,VBD,O
1947,1947,7,"celestials,",O,JJ,O
1948,1948,7,seeing,O,VBG,O
1949,1949,7,"me,",O,NN,O
1950,1950,7,they,O,PRP,O
1951,1951,7,were,O,VBD,O
1952,1952,7,filled,O,VBN,O
1953,1953,7,with,O,IN,O
1954,1954,7,wonder.,O,NN,O
1955,1955,7,And,O,CC,O
1956,1956,7,as,O,IN,O
1957,1957,7,I,O,PRP,O
1958,1958,7,spake,O,VBP,O
1959,1959,7,unto,O,JJ,O
1960,1960,7,her,O,NN,O
1961,1961,7,of,O,IN,O
1962,1962,7,"you,",O,NN,O
1963,1963,7,the,O,DT,O
1964,1964,7,fair-faced,O,JJ,O
1965,1965,7,"maiden,",O,NN,O
1966,1966,7,her,O,PRPS,O
1967,1967,7,will,O,MD,O
1968,1968,7,fixed,O,VBN,O
1969,1969,7,on,O,IN,O
1970,1970,7,"me,",O,NN,O
1971,1971,7,O,O,NNP,O
1972,1972,7,ye,O,NN,O
1973,1973,7,best,O,JJS,O
1974,1974,7,of,O,IN,O
1975,1975,7,the,O,DT,O
1976,1976,7,"gods,",O,NN,O
1977,1977,7,chose,O,VBD,O
1978,1978,7,me,O,PRP,O
1979,1979,7,(for,O,VB,O
1980,1980,7,her,O,PRPS,O
1981,1981,7,spouse).',O,NN,O
1982,1982,7,And,O,CC,O
1983,1983,7,the,O,DT,O
1984,1984,7,maiden,O,JJ,O
1985,1985,7,"said,",O,NN,O
1986,1986,7,'Let,O,VBD,O
1987,1987,7,the,O,DT,O
1988,1988,7,"gods,",O,NN,O
1989,1989,7,O,O,NNP,O
1990,1990,7,tiger,O,NN,O
1991,1991,7,among,O,IN,O
1992,1992,7,"men,",O,JJ,O
1993,1993,7,come,O,VBN,O
1994,1994,7,with,O,IN,O
1995,1995,7,thee,O,NN,O
1996,1996,7,to,O,TO,O
1997,1997,7,the,O,DT,O
1998,1998,7,"Swayamvara,",O,NNP,O
1999,1999,7,I,O,PRP,O
2000,2000,7,will,O,MD,O
2001,2001,7,in,O,IN,O
2002,2002,7,their,O,PRPS,O
2003,2003,7,"presence,",O,NN,O
2004,2004,7,choose,O,NN,O
2005,2005,7,thee.,O,NN,O
2006,2006,7,At,O,IN,O
2007,2007,7,"this,",O,JJ,O
2008,2008,7,O,O,NNP,O
2009,2009,7,thou,O,NN,O
2010,2010,7,of,O,IN,O
2011,2011,7,mighty,O,NN,O
2012,2012,7,"arms,",O,NN,O
2013,2013,7,no,O,DT,O
2014,2014,7,blame,O,NN,O
2015,2015,7,will,O,MD,O
2016,2016,7,attach,O,VB,O
2017,2017,7,to,O,TO,O
2018,2018,7,thee.',O,VB,O
2019,2019,7,'This,O,NN,O
2020,2020,7,is,O,VBZ,O
2021,2021,7,"all,",O,JJ,O
2022,2022,7,ye,O,RB,O
2023,2023,7,"gods,",O,NN,O
2024,2024,7,that,O,IN,O
2025,2025,7,took,O,VBD,O
2026,2026,7,"place,",O,NN,O
2027,2027,7,as,O,IN,O
2028,2028,7,I,O,PRP,O
2029,2029,7,have,O,VBP,O
2030,2030,7,said.,O,VBN,O
2031,2031,7,"Finally,",O,NNP,O
2032,2032,7,everything,O,NN,O
2033,2033,7,rests,O,NNS,O
2034,2034,7,with,O,IN,O
2035,2035,7,"you,",O,JJ,O
2036,2036,7,ye,O,NN,O
2037,2037,7,foremost,O,NN,O
2038,2038,7,of,O,IN,O
2039,2039,7,"celestials.'""",O,NN,O
2040,2040,8,"celestials.'""",O,NN,O
2041,2041,9,"""Vrihadaswa",O,JJ,O
2042,2042,9,"continued,",O,NN,O
2043,2043,9,'Then,O,NN,O
2044,2044,9,at,O,IN,O
2045,2045,9,the,O,DT,O
2046,2046,9,sacred,O,JJ,O
2047,2047,9,hour,O,NN,O
2048,2048,9,of,O,IN,O
2049,2049,9,the,O,DT,O
2050,2050,9,holy,O,JJ,O
2051,2051,9,lunar,O,JJ,O
2052,2052,9,day,O,NN,O
2053,2053,9,of,O,IN,O
2054,2054,9,the,O,DT,O
2055,2055,9,auspicious,O,JJ,O
2056,2056,9,"season,",O,NN,O
2057,2057,9,king,O,VBG,O
2058,2058,9,Bhima,B-PER,NNP,O
2059,2059,9,summoned,O,VBD,O
2060,2060,9,the,O,DT,O
2061,2061,9,kings,O,NNS,O
2062,2062,9,to,O,TO,O
2063,2063,9,the,O,DT,O
2064,2064,9,Swayamvara.,O,NNP,O
2065,2065,9,And,O,CC,O
2066,2066,9,hearing,O,NN,O
2067,2067,9,of,O,IN,O
2068,2068,9,"it,",O,NN,O
2069,2069,9,all,O,PDT,O
2070,2070,9,the,O,DT,O
2071,2071,9,lords,O,NNS,O
2072,2072,9,of,O,IN,O
2073,2073,9,earth,B-PLACE,JJ,O
2074,2074,9,smit,O,NN,O
2075,2075,9,with,O,IN,O
2076,2076,9,love,O,NN,O
2077,2077,9,speedily,O,RB,O
2078,2078,9,came,O,VBD,O
2079,2079,9,"thither,",O,RB,O
2080,2080,9,desirous,O,JJ,O
2081,2081,9,of,O,IN,O
2082,2082,9,(possessing),O,JJ,O
2083,2083,9,Damayanti.,O,NNP,O
2084,2084,9,And,O,CC,O
2085,2085,9,the,O,DT,O
2086,2086,9,monarchs,O,NN,O
2087,2087,9,entered,O,VBD,O
2088,2088,9,the,O,DT,O
2089,2089,9,amphitheatre,O,NN,O
2090,2090,9,decorated,O,VBN,O
2091,2091,9,with,O,IN,O
2092,2092,9,golden,O,JJ,O
2093,2093,9,pillars,O,NNS,O
2094,2094,9,and,O,CC,O
2095,2095,9,a,O,DT,O
2096,2096,9,lofty,O,JJ,O
2097,2097,9,portal,O,JJ,O
2098,2098,9,"arch,",O,NN,O
2099,2099,9,like,O,IN,O
2100,2100,9,mighty,O,JJ,O
2101,2101,9,lions,O,NNS,O
2102,2102,9,entering,O,VBG,O
2103,2103,9,the,O,DT,O
2104,2104,9,mountain,O,NN,O
2105,2105,9,wilds.,O,NN,O
2106,2106,9,And,O,CC,O
2107,2107,9,those,O,DT,O
2108,2108,9,lords,O,NNS,O
2109,2109,9,of,O,IN,O
2110,2110,9,earth,B-PLACE,NN,O
2111,2111,9,decked,O,VBN,O
2112,2112,9,with,O,IN,O
2113,2113,9,fragrant,O,JJ,O
2114,2114,9,garlands,O,NNS,O
2115,2115,9,and,O,CC,O
2116,2116,9,polished,O,VBD,O
2117,2117,9,ear-rings,O,NNS,O
2118,2118,9,hung,O,NN,O
2119,2119,9,with,O,IN,O
2120,2120,9,jewels,O,NNS,O
2121,2121,9,seated,O,VBN,O
2122,2122,9,themselves,O,PRP,O
2123,2123,9,on,O,IN,O
2124,2124,9,their,O,PRPS,O
2125,2125,9,several,O,JJ,O
2126,2126,9,seats.,O,NNS,O
2127,2127,9,And,O,CC,O
2128,2128,9,that,O,DT,O
2129,2129,9,sacred,O,VBD,O
2130,2130,9,assembly,O,NN,O
2131,2131,9,of,O,IN,O
2132,2132,9,"Kings,",O,NNP,O
2133,2133,9,graced,O,VBN,O
2134,2134,9,by,O,IN,O
2135,2135,9,those,O,DT,O
2136,2136,9,tigers,O,NNS,O
2137,2137,9,among,O,IN,O
2138,2138,9,"men,",O,NN,O
2139,2139,9,resembled,O,VBD,O
2140,2140,9,the,O,DT,O
2141,2141,9,Bhogavati,B-PER,NNP,O
2142,2142,9,swarming,O,NN,O
2143,2143,9,with,O,IN,O
2144,2144,9,the,O,DT,O
2145,2145,9,"Nagas,",O,NNP,O
2146,2146,9,or,O,CC,O
2147,2147,9,a,O,DT,O
2148,2148,9,mountain,O,NN,O
2149,2149,9,cavern,O,NN,O
2150,2150,9,with,O,IN,O
2151,2151,9,tigers.,O,NN,O
2152,2152,9,And,O,CC,O
2153,2153,9,their,O,PRPS,O
2154,2154,9,arms,O,NNS,O
2155,2155,9,were,O,VBD,O
2156,2156,9,"robust,",O,JJ,O
2157,2157,9,and,O,CC,O
2158,2158,9,resembling,O,VBG,O
2159,2159,9,iron,O,NN,O
2160,2160,9,"maces,",O,NN,O
2161,2161,9,and,O,CC,O
2162,2162,9,"well-shaped,",O,NN,O
2163,2163,9,and,O,CC,O
2164,2164,9,"graceful,",O,NN,O
2165,2165,9,and,O,CC,O
2166,2166,9,looking,O,VBG,O
2167,2167,9,like,O,IN,O
2168,2168,9,five-headed,O,JJ,O
2169,2169,9,snakes.,O,NN,O
2170,2170,9,And,O,CC,O
2171,2171,9,graced,O,VBN,O
2172,2172,9,with,O,IN,O
2173,2173,9,beautiful,O,JJ,O
2174,2174,9,locks,O,NNS,O
2175,2175,9,and,O,CC,O
2176,2176,9,fine,O,JJ,O
2177,2177,9,noses,O,NNS,O
2178,2178,9,and,O,CC,O
2179,2179,9,eyes,O,NNS,O
2180,2180,9,and,O,CC,O
2181,2181,9,"brows,",O,VB,O
2182,2182,9,the,O,DT,O
2183,2183,9,countenance,O,NN,O
2184,2184,9,of,O,IN,O
2185,2185,9,the,O,DT,O
2186,2186,9,kings,O,NNS,O
2187,2187,9,shone,O,VBP,O
2188,2188,9,like,O,IN,O
2189,2189,9,stars,O,NNS,O
2190,2190,9,in,O,IN,O
2191,2191,9,the,O,DT,O
2192,2192,9,firmament.,O,NN,O
2193,2193,9,And,O,CC,O
2194,2194,9,(when,O,VB,O
2195,2195,9,the,O,DT,O
2196,2196,9,time,O,NN,O
2197,2197,9,"came),",O,JJ,O
2198,2198,9,Damayanti,B-PER,NNP,O
2199,2199,9,of,O,IN,O
2200,2200,9,beauteous,O,JJ,O
2201,2201,9,"face,",O,NN,O
2202,2202,9,stealing,O,VBG,O
2203,2203,9,the,O,DT,O
2204,2204,9,eyes,O,NNS,O
2205,2205,9,and,O,CC,O
2206,2206,9,hearts,O,NNS,O
2207,2207,9,of,O,IN,O
2208,2208,9,the,O,DT,O
2209,2209,9,princes,O,NNS,O
2210,2210,9,by,O,IN,O
2211,2211,9,her,O,PRPS,O
2212,2212,9,dazzling,O,NN,O
2213,2213,9,"light,",O,NN,O
2214,2214,9,entered,O,VBD,O
2215,2215,9,the,O,DT,O
2216,2216,9,hall.,O,NN,O
2217,2217,9,And,O,CC,O
2218,2218,9,the,O,DT,O
2219,2219,9,glances,O,NNS,O
2220,2220,9,of,O,IN,O
2221,2221,9,those,O,DT,O
2222,2222,9,illustrious,O,JJ,O
2223,2223,9,kings,O,NNS,O
2224,2224,9,were,O,VBD,O
2225,2225,9,rivetted,O,VBN,O
2226,2226,9,to,O,TO,O
2227,2227,9,those,O,DT,O
2228,2228,9,parts,O,NNS,O
2229,2229,9,of,O,IN,O
2230,2230,9,her,O,PRPS,O
2231,2231,9,person,O,NN,O
2232,2232,9,where,O,WRB,O
2233,2233,9,they,O,PRP,O
2234,2234,9,had,O,VBD,O
2235,2235,9,chanced,O,VBN,O
2236,2236,9,to,O,TO,O
2237,2237,9,fall,O,VB,O
2238,2238,9,"first,",O,NN,O
2239,2239,9,without,O,IN,O
2240,2240,9,moving,O,VBG,O
2241,2241,9,at,O,IN,O
2242,2242,9,all.,O,NN,O
2243,2243,9,And,O,CC,O
2244,2244,9,"when,",O,VB,O
2245,2245,9,O,O,NNP,O
2246,2246,9,"Bharata,",O,NNP,O
2247,2247,9,the,O,DT,O
2248,2248,9,names,O,NNS,O
2249,2249,9,of,O,IN,O
2250,2250,9,the,O,DT,O
2251,2251,9,monarchs,O,NNS,O
2252,2252,9,were,O,VBD,O
2253,2253,9,"proclaimed,",O,IN,O
2254,2254,9,the,O,DT,O
2255,2255,9,daughter,O,NN,O
2256,2256,9,of,O,IN,O
2257,2257,9,Bhima,B-PER,NNP,O
2258,2258,9,saw,O,VBD,O
2259,2259,9,five,O,CD,O
2260,2260,9,persons,O,NNS,O
2261,2261,9,all,O,DT,O
2262,2262,9,alike,O,RB,O
2263,2263,9,in,O,IN,O
2264,2264,9,appearance.,O,NN,O
2265,2265,9,And,O,CC,O
2266,2266,9,beholding,O,VBG,O
2267,2267,9,them,O,PRP,O
2268,2268,9,seated,O,VBN,O
2269,2269,9,"there,",O,NN,O
2270,2270,9,without,O,IN,O
2271,2271,9,difference,O,NN,O
2272,2272,9,of,O,IN,O
2273,2273,9,any,O,DT,O
2274,2274,9,kind,O,NN,O
2275,2275,9,in,O,IN,O
2276,2276,9,"form,",O,JJ,O
2277,2277,9,doubt,O,NN,O
2278,2278,9,filled,O,VBD,O
2279,2279,9,her,O,PRPS,O
2280,2280,9,"mind,",O,NN,O
2281,2281,9,and,O,CC,O
2282,2282,9,she,O,PRP,O
2283,2283,9,could,O,MD,O
2284,2284,9,not,O,RB,O
2285,2285,9,ascertain,O,VB,O
2286,2286,9,which,O,WDT,O
2287,2287,9,of,O,IN,O
2288,2288,9,them,O,PRP,O
2289,2289,9,was,O,VBD,O
2290,2290,9,king,O,VBG,O
2291,2291,9,Nala.,O,NNP,O
2292,2292,9,And,O,CC,O
2293,2293,9,at,O,IN,O
2294,2294,9,whomsoever,O,NN,O
2295,2295,9,(among,O,JJ,O
2296,2296,9,them),O,NN,O
2297,2297,9,she,O,PRP,O
2298,2298,9,"looked,",O,VBZ,O
2299,2299,9,she,O,PRP,O
2300,2300,9,regarded,O,VBD,O
2301,2301,9,him,O,PRP,O
2302,2302,9,to,O,TO,O
2303,2303,9,be,O,VB,O
2304,2304,9,the,O,DT,O
2305,2305,9,king,O,NN,O
2306,2306,9,of,O,IN,O
2307,2307,9,the,O,DT,O
2308,2308,9,Nishadhas.,O,NNP,O
2309,2309,9,And,O,CC,O
2310,2310,9,filled,O,VBN,O
2311,2311,9,with,O,IN,O
2312,2312,9,"anxiety,",O,PDT,O
2313,2313,9,the,O,DT,O
2314,2314,9,beauteous,O,JJ,O
2315,2315,9,one,O,CD,O
2316,2316,9,thought,O,NN,O
2317,2317,9,within,O,IN,O
2318,2318,9,"herself,",O,JJ,O
2319,2319,9,"'Oh,",O,POS,O
2320,2320,9,how,O,WRB,O
2321,2321,9,shall,O,MD,O
2322,2322,9,I,O,PRP,O
2323,2323,9,distinguish,O,VB,O
2324,2324,9,the,O,DT,O
2325,2325,9,"celestials,",O,NN,O
2326,2326,9,and,O,CC,O
2327,2327,9,how,O,WRB,O
2328,2328,9,discern,O,JJ,O
2329,2329,9,the,O,DT,O
2330,2330,9,royal,O,NN,O
2331,2331,9,Nala?',O,NNP,O
2332,2332,9,And,O,CC,O
2333,2333,9,thinking,O,VBG,O
2334,2334,9,"thus,",O,VB,O
2335,2335,9,the,O,DT,O
2336,2336,9,daughter,O,NN,O
2337,2337,9,of,O,IN,O
2338,2338,9,Vidarbha,B-PER,NNP,O
2339,2339,9,became,O,VBD,O
2340,2340,9,filled,O,VBN,O
2341,2341,9,with,O,IN,O
2342,2342,9,grief.,O,NN,O
2343,2343,9,"And,",O,NNP,O
2344,2344,9,O,O,NNP,O
2345,2345,9,"Bharata,",O,NNP,O
2346,2346,9,recollecting,O,VBG,O
2347,2347,9,the,O,DT,O
2348,2348,9,marks,O,NNS,O
2349,2349,9,belonging,O,VBG,O
2350,2350,9,to,O,TO,O
2351,2351,9,the,O,DT,O
2352,2352,9,"celestials,",O,NN,O
2353,2353,9,of,O,IN,O
2354,2354,9,which,O,WDT,O
2355,2355,9,she,O,PRP,O
2356,2356,9,had,O,VBD,O
2357,2357,9,"heard,",O,VBN,O
2358,2358,9,she,O,PRP,O
2359,2359,9,"thought,",O,VBD,O
2360,2360,9,'Those,O,JJ,O
2361,2361,9,attributes,O,NNS,O
2362,2362,9,of,O,IN,O
2363,2363,9,the,O,DT,O
2364,2364,9,"celestials,",O,NN,O
2365,2365,9,of,O,IN,O
2366,2366,9,which,O,WDT,O
2367,2367,9,I,O,PRP,O
2368,2368,9,have,O,VBP,O
2369,2369,9,heard,O,VBN,O
2370,2370,9,from,O,IN,O
2371,2371,9,the,O,DT,O
2372,2372,9,"aged,",O,NN,O
2373,2373,9,do,O,VBP,O
2374,2374,9,not,O,RB,O
2375,2375,9,pertain,O,VB,O
2376,2376,9,to,O,TO,O
2377,2377,9,any,O,DT,O
2378,2378,9,of,O,IN,O
2379,2379,9,these,O,DT,O
2380,2380,9,deities,O,NNS,O
2381,2381,9,present,O,VBP,O
2382,2382,9,here,O,RB,O
2383,2383,9,upon,O,IN,O
2384,2384,9,the,O,DT,O
2385,2385,9,earth.',O,NN,O
2386,2386,9,And,O,CC,O
2387,2387,9,revolving,O,VBG,O
2388,2388,9,the,O,DT,O
2389,2389,9,matter,O,NN,O
2390,2390,9,long,O,RB,O
2391,2391,9,in,O,IN,O
2392,2392,9,her,O,PRPS,O
2393,2393,9,"mind,",O,NN,O
2394,2394,9,and,O,CC,O
2395,2395,9,reflecting,O,VBG,O
2396,2396,9,upon,O,IN,O
2397,2397,9,it,O,PRP,O
2398,2398,9,"repeatedly,",O,VBZ,O
2399,2399,9,she,O,PRP,O
2400,2400,9,decided,O,VBD,O
2401,2401,9,upon,O,IN,O
2402,2402,9,seeking,O,VBG,O
2403,2403,9,the,O,DT,O
2404,2404,9,protection,O,NN,O
2405,2405,9,of,O,IN,O
2406,2406,9,the,O,DT,O
2407,2407,9,gods,O,NNS,O
2408,2408,9,themselves.,O,NN,O
2409,2409,9,And,O,CC,O
2410,2410,9,bowing,O,VBG,O
2411,2411,9,down,O,RP,O
2412,2412,9,unto,O,IN,O
2413,2413,9,them,O,PRP,O
2414,2414,9,with,O,IN,O
2415,2415,9,mind,O,NN,O
2416,2416,9,and,O,CC,O
2417,2417,9,"speech,",O,NN,O
2418,2418,9,with,O,IN,O
2419,2419,9,folded,O,JJ,O
2420,2420,9,"hands,",O,NN,O
2421,2421,9,she,O,PRP,O
2422,2422,9,addressed,O,VBD,O
2423,2423,9,them,O,PRP,O
2424,2424,9,"trembling,",O,VB,O
2425,2425,9,'Since,O,NN,O
2426,2426,9,I,O,PRP,O
2427,2427,9,heard,O,VBD,O
2428,2428,9,the,O,DT,O
2429,2429,9,speech,O,NN,O
2430,2430,9,of,O,IN,O
2431,2431,9,the,O,DT,O
2432,2432,9,"swans,",O,NN,O
2433,2433,9,I,O,PRP,O
2434,2434,9,chose,O,VBD,O
2435,2435,9,the,O,DT,O
2436,2436,9,king,O,NN,O
2437,2437,9,of,O,IN,O
2438,2438,9,the,O,DT,O
2439,2439,9,Nishadhas,B-COMMUNITY,NNP,O
2440,2440,9,as,O,IN,O
2441,2441,9,my,O,PRPS,O
2442,2442,9,lord.,O,NN,O
2443,2443,9,For,O,IN,O
2444,2444,9,the,O,DT,O
2445,2445,9,sake,O,NN,O
2446,2446,9,of,O,IN,O
2447,2447,9,"truth,",O,NN,O
2448,2448,9,"O,",O,NNP,O
2449,2449,9,let,O,VBD,O
2450,2450,9,the,O,DT,O
2451,2451,9,gods,O,NNS,O
2452,2452,9,reveal,O,VBP,O
2453,2453,9,him,O,PRP,O
2454,2454,9,to,O,TO,O
2455,2455,9,me.,O,VB,O
2456,2456,9,And,O,CC,O
2457,2457,9,as,O,IN,O
2458,2458,9,in,O,IN,O
2459,2459,9,thought,O,NN,O
2460,2460,9,or,O,CC,O
2461,2461,9,word,O,NN,O
2462,2462,9,I,O,PRP,O
2463,2463,9,have,O,VBP,O
2464,2464,9,never,O,RB,O
2465,2465,9,swerved,O,VBN,O
2466,2466,9,from,O,IN,O
2467,2467,9,"him,",O,NN,O
2468,2468,9,"O,",O,NNP,O
2469,2469,9,let,O,VBD,O
2470,2470,9,the,O,DT,O
2471,2471,9,"gods,",O,NN,O
2472,2472,9,for,O,IN,O
2473,2473,9,the,O,DT,O
2474,2474,9,sake,O,NN,O
2475,2475,9,of,O,IN,O
2476,2476,9,that,O,DT,O
2477,2477,9,"truth,",O,JJ,O
2478,2478,9,reveal,O,NN,O
2479,2479,9,him,O,PRP,O
2480,2480,9,to,O,TO,O
2481,2481,9,me.,O,VB,O
2482,2482,9,And,O,CC,O
2483,2483,9,as,O,IN,O
2484,2484,9,the,O,DT,O
2485,2485,9,gods,O,NNS,O
2486,2486,9,themselves,O,PRP,O
2487,2487,9,have,O,VBP,O
2488,2488,9,destined,O,VBN,O
2489,2489,9,the,O,DT,O
2490,2490,9,ruler,O,NN,O
2491,2491,9,of,O,IN,O
2492,2492,9,the,O,DT,O
2493,2493,9,Nishadhas,B-COMMUNITY,NNP,O
2494,2494,9,to,O,TO,O
2495,2495,9,be,O,VB,O
2496,2496,9,my,O,PRPS,O
2497,2497,9,"lord,",O,JJ,O
2498,2498,9,"O,",O,NNP,O
2499,2499,9,let,O,NN,O
2500,2500,9,"them,",O,NN,O
2501,2501,9,for,O,IN,O
2502,2502,9,the,O,DT,O
2503,2503,9,sake,O,NN,O
2504,2504,9,of,O,IN,O
2505,2505,9,that,O,DT,O
2506,2506,9,"truth,",O,JJ,O
2507,2507,9,reveal,O,NN,O
2508,2508,9,him,O,PRP,O
2509,2509,9,to,O,TO,O
2510,2510,9,me.,O,VB,O
2511,2511,9,And,O,CC,O
2512,2512,9,as,O,IN,O
2513,2513,9,it,O,PRP,O
2514,2514,9,is,O,VBZ,O
2515,2515,9,for,O,IN,O
2516,2516,9,paying,O,VBG,O
2517,2517,9,homage,O,NN,O
2518,2518,9,unto,O,JJ,O
2519,2519,9,Nala,B-PER,NNP,O
2520,2520,9,that,O,IN,O
2521,2521,9,I,O,PRP,O
2522,2522,9,have,O,VBP,O
2523,2523,9,adopted,O,VBN,O
2524,2524,9,this,O,DT,O
2525,2525,9,"vow,",O,NN,O
2526,2526,9,for,O,IN,O
2527,2527,9,the,O,DT,O
2528,2528,9,sake,O,NN,O
2529,2529,9,of,O,IN,O
2530,2530,9,that,O,DT,O
2531,2531,9,"truth,",O,NN,O
2532,2532,9,"O,",O,NNP,O
2533,2533,9,let,O,VBD,O
2534,2534,9,the,O,DT,O
2535,2535,9,gods,O,NNS,O
2536,2536,9,reveal,O,VBP,O
2537,2537,9,him,O,PRP,O
2538,2538,9,unto,O,JJ,O
2539,2539,9,"me,",O,NN,O
2540,2540,9,"O,",O,NNP,O
2541,2541,9,let,O,VBD,O
2542,2542,9,the,O,DT,O
2543,2543,9,exalted,O,JJ,O
2544,2544,9,guardians,O,NNS,O
2545,2545,9,of,O,IN,O
2546,2546,9,the,O,DT,O
2547,2547,9,worlds,O,NNS,O
2548,2548,9,assume,O,VBP,O
2549,2549,9,their,O,PRPS,O
2550,2550,9,own,O,JJ,O
2551,2551,9,proper,O,JJ,O
2552,2552,9,"forms,",O,NN,O
2553,2553,9,so,O,IN,O
2554,2554,9,that,O,IN,O
2555,2555,9,I,O,PRP,O
2556,2556,9,may,O,MD,O
2557,2557,9,know,O,VB,O
2558,2558,9,the,O,DT,O
2559,2559,9,righteous,O,JJ,O
2560,2560,9,king.',O,NN,O
2561,2561,9,Hearing,O,VBG,O
2562,2562,9,these,O,DT,O
2563,2563,9,piteous,O,JJ,O
2564,2564,9,words,O,NNS,O
2565,2565,9,of,O,IN,O
2566,2566,9,"Damayanti,",O,NNP,O
2567,2567,9,and,O,CC,O
2568,2568,9,ascertaining,O,VBG,O
2569,2569,9,her,O,PRPS,O
2570,2570,9,fixed,O,JJ,O
2571,2571,9,"resolve,",O,NN,O
2572,2572,9,and,O,CC,O
2573,2573,9,fervent,O,NN,O
2574,2574,9,love,O,NN,O
2575,2575,9,for,O,IN,O
2576,2576,9,the,O,DT,O
2577,2577,9,king,O,NN,O
2578,2578,9,of,O,IN,O
2579,2579,9,"Nishadhas,",O,NNP,O
2580,2580,9,the,O,DT,O
2581,2581,9,purity,O,NN,O
2582,2582,9,of,O,IN,O
2583,2583,9,her,O,PRPS,O
2584,2584,9,heart,O,NN,O
2585,2585,9,and,O,CC,O
2586,2586,9,her,O,PRPS,O
2587,2587,9,inclination,O,NN,O
2588,2588,9,and,O,CC,O
2589,2589,9,regard,O,NN,O
2590,2590,9,and,O,CC,O
2591,2591,9,affection,O,NN,O
2592,2592,9,for,O,IN,O
2593,2593,9,"Nala,",O,NNP,O
2594,2594,9,the,O,DT,O
2595,2595,9,gods,O,NNS,O
2596,2596,9,did,O,VBD,O
2597,2597,9,as,O,IN,O
2598,2598,9,they,O,PRP,O
2599,2599,9,had,O,VBD,O
2600,2600,9,been,O,VBN,O
2601,2601,9,"adjured,",O,RB,O
2602,2602,9,and,O,CC,O
2603,2603,9,assumed,O,VBD,O
2604,2604,9,their,O,PRPS,O
2605,2605,9,respective,O,JJ,O
2606,2606,9,attributes,O,NNS,O
2607,2607,9,as,O,IN,O
2608,2608,9,best,O,JJS,O
2609,2609,9,they,O,PRP,O
2610,2610,9,could.,O,VBP,O
2611,2611,9,And,O,CC,O
2612,2612,9,thereupon,O,VB,O
2613,2613,9,she,O,PRP,O
2614,2614,9,beheld,O,VBD,O
2615,2615,9,the,O,DT,O
2616,2616,9,celestials,O,NNS,O
2617,2617,9,unmoistened,O,VBD,O
2618,2618,9,with,O,IN,O
2619,2619,9,"perspiration,",O,NN,O
2620,2620,9,with,O,IN,O
2621,2621,9,winkless,O,JJ,O
2622,2622,9,"eyes,",O,NN,O
2623,2623,9,and,O,CC,O
2624,2624,9,unfading,O,JJ,O
2625,2625,9,"garlands,",O,NN,O
2626,2626,9,unstained,O,VBD,O
2627,2627,9,with,O,IN,O
2628,2628,9,"dust,",O,NN,O
2629,2629,9,and,O,CC,O
2630,2630,9,staying,O,VBG,O
2631,2631,9,without,O,IN,O
2632,2632,9,touching,O,VBG,O
2633,2633,9,the,O,DT,O
2634,2634,9,ground.,O,NN,O
2635,2635,9,And,O,CC,O
2636,2636,9,Naishadha,B-PER,NNP,O
2637,2637,9,stood,O,VBD,O
2638,2638,9,revealed,O,VBN,O
2639,2639,9,to,O,TO,O
2640,2640,9,his,O,PRPS,O
2641,2641,9,"shadow,",O,NN,O
2642,2642,9,his,O,PRPS,O
2643,2643,9,fading,O,JJ,O
2644,2644,9,"garlands,",O,NN,O
2645,2645,9,himself,O,PRP,O
2646,2646,9,stained,O,VBD,O
2647,2647,9,with,O,IN,O
2648,2648,9,dust,O,NN,O
2649,2649,9,and,O,CC,O
2650,2650,9,"sweat,",O,NN,O
2651,2651,9,resting,O,NN,O
2652,2652,9,on,O,IN,O
2653,2653,9,the,O,DT,O
2654,2654,9,ground,O,NN,O
2655,2655,9,with,O,IN,O
2656,2656,9,winking,O,VBG,O
2657,2657,9,eyes.,O,NN,O
2658,2658,9,"And,",O,NNP,O
2659,2659,9,O,O,NNP,O
2660,2660,9,"Bharata,",O,NNP,O
2661,2661,9,discerning,O,VBG,O
2662,2662,9,the,O,DT,O
2663,2663,9,gods,O,NNS,O
2664,2664,9,and,O,CC,O
2665,2665,9,the,O,DT,O
2666,2666,9,virtuous,O,JJ,O
2667,2667,9,Nala,B-PER,NNP,O
2668,2668,9,the,O,DT,O
2669,2669,9,daughter,O,NN,O
2670,2670,9,of,O,IN,O
2671,2671,9,Bhima,B-PER,NNP,O
2672,2672,9,chose,O,VBD,O
2673,2673,9,Naishadha,B-PER,NNP,O
2674,2674,9,according,O,VBG,O
2675,2675,9,to,O,TO,O
2676,2676,9,her,O,PRPS,O
2677,2677,9,truth.,O,NN,O
2678,2678,9,And,O,CC,O
2679,2679,9,the,O,DT,O
2680,2680,9,large-eyed,O,JJ,O
2681,2681,9,damsel,O,NN,O
2682,2682,9,then,O,RB,O
2683,2683,9,bashfully,O,RB,O
2684,2684,9,caught,O,VBD,O
2685,2685,9,the,O,DT,O
2686,2686,9,hem,O,NN,O
2687,2687,9,of,O,IN,O
2688,2688,9,his,O,PRPS,O
2689,2689,9,garment,O,NN,O
2690,2690,9,and,O,CC,O
2691,2691,9,placed,O,VBD,O
2692,2692,9,round,O,VB,O
2693,2693,9,his,O,PRPS,O
2694,2694,9,neck,O,NN,O
2695,2695,9,a,O,DT,O
2696,2696,9,floral,O,JJ,O
2697,2697,9,wreath,O,NN,O
2698,2698,9,of,O,IN,O
2699,2699,9,exceeding,O,VBG,O
2700,2700,9,grace.,O,NN,O
2701,2701,9,And,O,CC,O
2702,2702,9,when,O,WRB,O
2703,2703,9,that,O,DT,O
2704,2704,9,fair-complexioned,O,JJ,O
2705,2705,9,maiden,O,NN,O
2706,2706,9,had,O,VBD,O
2707,2707,9,thus,O,RB,O
2708,2708,9,chosen,O,VBN,O
2709,2709,9,Nala,B-PER,NNP,O
2710,2710,9,for,O,IN,O
2711,2711,9,her,O,PRPS,O
2712,2712,9,"husband,",O,NN,O
2713,2713,9,the,O,DT,O
2714,2714,9,kings,O,NNS,O
2715,2715,9,suddenly,O,RB,O
2716,2716,9,broke,O,VBD,O
2717,2717,9,out,O,RP,O
2718,2718,9,into,O,IN,O
2719,2719,9,exclamations,O,NNS,O
2720,2720,9,of,O,IN,O
2721,2721,9,Oh!,O,NNP,O
2722,2722,9,and,O,CC,O
2723,2723,9,Alas!,O,NNP,O
2724,2724,9,"And,",O,NNP,O
2725,2725,9,O,O,NNP,O
2726,2726,9,"Bharata,",O,NNP,O
2727,2727,9,the,O,DT,O
2728,2728,9,gods,O,NNS,O
2729,2729,9,and,O,CC,O
2730,2730,9,the,O,DT,O
2731,2731,9,great,O,JJ,O
2732,2732,9,Rishis,B-COMMUNITY,NNP,O
2733,2733,9,in,O,IN,O
2734,2734,9,wonder,O,NN,O
2735,2735,9,cried,O,VBD,O
2736,2736,9,Excellent!,O,NNP,O
2737,2737,9,"Excellent!,",O,NNP,O
2738,2738,9,applauding,O,VBG,O
2739,2739,9,the,O,DT,O
2740,2740,9,king,O,VBG,O
2741,2741,9,the,O,DT,O
2742,2742,9,while.,O,NN,O
2743,2743,9,"And,",O,NNP,O
2744,2744,9,O,O,NNP,O
2745,2745,9,"Kauravya,",O,NNP,O
2746,2746,9,the,O,DT,O
2747,2747,9,royal,O,JJ,O
2748,2748,9,son,O,NN,O
2749,2749,9,of,O,IN,O
2750,2750,9,"Virasena,",O,NNP,O
2751,2751,9,with,O,IN,O
2752,2752,9,heart,O,NN,O
2753,2753,9,filled,O,VBN,O
2754,2754,9,with,O,IN,O
2755,2755,9,"gladness,",O,NN,O
2756,2756,9,comforted,O,VBD,O
2757,2757,9,the,O,DT,O
2758,2758,9,beauteous,O,JJ,O
2759,2759,9,"Damayanti,",O,NNP,O
2760,2760,9,"saying,",O,NN,O
2761,2761,9,'Since,O,NN,O
2762,2762,9,"thou,",O,NN,O
2763,2763,9,O,O,NNP,O
2764,2764,9,blessed,O,VBD,O
2765,2765,9,"one,",O,JJ,O
2766,2766,9,hast,O,NN,O
2767,2767,9,chosen,O,VBD,O
2768,2768,9,a,O,DT,O
2769,2769,9,mortal,O,NN,O
2770,2770,9,in,O,IN,O
2771,2771,9,the,O,DT,O
2772,2772,9,presence,O,NN,O
2773,2773,9,of,O,IN,O
2774,2774,9,the,O,DT,O
2775,2775,9,"celestials,",O,NN,O
2776,2776,9,know,O,VB,O
2777,2777,9,me,O,PRP,O
2778,2778,9,for,O,IN,O
2779,2779,9,a,O,DT,O
2780,2780,9,husband,O,NN,O
2781,2781,9,even,O,RB,O
2782,2782,9,obedient,O,JJ,O
2783,2783,9,to,O,TO,O
2784,2784,9,thy,O,VB,O
2785,2785,9,command.,O,NN,O
2786,2786,9,"And,",O,NNP,O
2787,2787,9,O,O,NNP,O
2788,2788,9,thou,O,NN,O
2789,2789,9,of,O,IN,O
2790,2790,9,sweet,O,JJ,O
2791,2791,9,"smiles,",O,NNS,O
2792,2792,9,truly,O,RB,O
2793,2793,9,do,O,VBP,O
2794,2794,9,I,O,PRP,O
2795,2795,9,tell,O,VB,O
2796,2796,9,thee,O,VB,O
2797,2797,9,this,O,DT,O
2798,2798,9,that,O,WDT,O
2799,2799,9,as,O,RB,O
2800,2800,9,long,O,RB,O
2801,2801,9,as,O,IN,O
2802,2802,9,life,O,NN,O
2803,2803,9,continueth,O,NN,O
2804,2804,9,in,O,IN,O
2805,2805,9,this,O,DT,O
2806,2806,9,body,O,NN,O
2807,2807,9,of,O,IN,O
2808,2808,9,"mine,",O,NN,O
2809,2809,9,I,O,PRP,O
2810,2810,9,will,O,MD,O
2811,2811,9,remain,O,VB,O
2812,2812,9,thine,O,JJ,O
2813,2813,9,and,O,CC,O
2814,2814,9,thine,O,JJ,O
2815,2815,9,alone.,O,NN,O
2816,2816,9,Damayanti,B-PER,NNP,O
2817,2817,9,"also,",O,NN,O
2818,2818,9,with,O,IN,O
2819,2819,9,folded,O,JJ,O
2820,2820,9,hands,O,NNS,O
2821,2821,9,paid,O,VBN,O
2822,2822,9,homage,O,NN,O
2823,2823,9,unto,O,JJ,O
2824,2824,9,Nala,B-PER,NNP,O
2825,2825,9,in,O,IN,O
2826,2826,9,words,O,NNS,O
2827,2827,9,of,O,IN,O
2828,2828,9,like,O,IN,O
2829,2829,9,import.,O,NN,O
2830,2830,9,And,O,CC,O
2831,2831,9,the,O,DT,O
2832,2832,9,happy,O,JJ,O
2833,2833,9,pair,O,NN,O
2834,2834,9,beholding,O,VBG,O
2835,2835,9,Agni,B-PER,NNP,O
2836,2836,9,and,O,CC,O
2837,2837,9,the,O,DT,O
2838,2838,9,other,O,JJ,O
2839,2839,9,gods,O,NNS,O
2840,2840,9,mentally,O,RB,O
2841,2841,9,sought,O,VBD,O
2842,2842,9,their,O,PRPS,O
2843,2843,9,protection.,O,NN,O
2844,2844,9,And,O,CC,O
2845,2845,9,after,O,IN,O
2846,2846,9,the,O,DT,O
2847,2847,9,daughter,O,NN,O
2848,2848,9,of,O,IN,O
2849,2849,9,Bhima,B-PER,NNP,O
2850,2850,9,had,O,VBD,O
2851,2851,9,chosen,O,VBN,O
2852,2852,9,Naishadha,B-PER,NNP,O
2853,2853,9,as,O,IN,O
2854,2854,9,her,O,PRPS,O
2855,2855,9,"husband,",O,NN,O
2856,2856,9,the,O,DT,O
2857,2857,9,Lokapalas,B-COMMUNITY,NNP,O
2858,2858,9,of,O,IN,O
2859,2859,9,exceeding,O,VBG,O
2860,2860,9,effulgence,O,NN,O
2861,2861,9,with,O,IN,O
2862,2862,9,pleased,O,JJ,O
2863,2863,9,"hearts,",O,NN,O
2864,2864,9,bestowed,O,VBN,O
2865,2865,9,on,O,IN,O
2866,2866,9,Nala,B-PER,NNP,O
2867,2867,9,eight,O,CD,O
2868,2868,9,boons.,O,NN,O
2869,2869,9,And,O,CC,O
2870,2870,9,"Sakra,",O,NNP,O
2871,2871,9,the,O,DT,O
2872,2872,9,lord,O,NN,O
2873,2873,9,of,O,IN,O
2874,2874,9,"Sachi,",B-PER,NNP,O
2875,2875,9,bestowed,O,VBD,O
2876,2876,9,on,O,IN,O
2877,2877,9,Nala,B-PER,NNP,O
2878,2878,9,the,O,DT,O
2879,2879,9,boon,O,NN,O
2880,2880,9,that,O,IN,O
2881,2881,9,he,O,PRP,O
2882,2882,9,should,O,MD,O
2883,2883,9,be,O,VB,O
2884,2884,9,able,O,JJ,O
2885,2885,9,to,O,TO,O
2886,2886,9,behold,O,VB,O
2887,2887,9,his,O,PRPS,O
2888,2888,9,godship,O,NN,O
2889,2889,9,in,O,IN,O
2890,2890,9,sacrifices,O,NNS,O
2891,2891,9,and,O,CC,O
2892,2892,9,that,O,IN,O
2893,2893,9,he,O,PRP,O
2894,2894,9,should,O,MD,O
2895,2895,9,attain,O,VB,O
2896,2896,9,to,O,TO,O
2897,2897,9,blessed,O,VBN,O
2898,2898,9,legions,O,NNS,O
2899,2899,9,"thereafter,",O,NNS,O
2900,2900,9,and,O,CC,O
2901,2901,9,Hutasana,B-PER,NNP,O
2902,2902,9,bestowed,O,VBD,O
2903,2903,9,on,O,IN,O
2904,2904,9,him,O,PRP,O
2905,2905,9,the,O,DT,O
2906,2906,9,boon,O,NN,O
2907,2907,9,of,O,IN,O
2908,2908,9,his,O,PRPS,O
2909,2909,9,own,O,JJ,O
2910,2910,9,presence,O,NN,O
2911,2911,9,whenever,O,WRB,O
2912,2912,9,Naishadha,B-PER,NNP,O
2913,2913,9,"wished,",O,NN,O
2914,2914,9,and,O,CC,O
2915,2915,9,regions,O,NNS,O
2916,2916,9,also,O,RB,O
2917,2917,9,bright,O,VBD,O
2918,2918,9,as,O,IN,O
2919,2919,9,himself.,O,NN,O
2920,2920,9,And,O,CC,O
2921,2921,9,Yama,B-PER,NNP,O
2922,2922,9,granted,O,VBD,O
2923,2923,9,him,O,PRP,O
2924,2924,9,subtle,O,JJ,O
2925,2925,9,taste,O,NN,O
2926,2926,9,in,O,IN,O
2927,2927,9,food,O,NN,O
2928,2928,9,as,O,RB,O
2929,2929,9,well,O,RB,O
2930,2930,9,as,O,IN,O
2931,2931,9,pre-eminence,O,NN,O
2932,2932,9,in,O,IN,O
2933,2933,9,virtue.,O,NN,O
2934,2934,9,And,O,CC,O
2935,2935,9,the,O,DT,O
2936,2936,9,lord,O,NN,O
2937,2937,9,of,O,IN,O
2938,2938,9,waters,O,NNS,O
2939,2939,9,granted,O,VBN,O
2940,2940,9,Nala,B-PER,NNP,O
2941,2941,9,his,O,PRPS,O
2942,2942,9,own,O,JJ,O
2943,2943,9,presence,O,NN,O
2944,2944,9,whenever,O,WRB,O
2945,2945,9,he,O,PRP,O
2946,2946,9,"desired,",O,VBZ,O
2947,2947,9,and,O,CC,O
2948,2948,9,also,O,RB,O
2949,2949,9,garlands,O,NNS,O
2950,2950,9,of,O,IN,O
2951,2951,9,celestial,O,JJ,O
2952,2952,9,fragrance.,O,NN,O
2953,2953,9,And,O,CC,O
2954,2954,9,thus,O,RB,O
2955,2955,9,each,O,DT,O
2956,2956,9,of,O,IN,O
2957,2957,9,them,O,PRP,O
2958,2958,9,bestowed,O,VBD,O
2959,2959,9,upon,O,IN,O
2960,2960,9,him,O,PRP,O
2961,2961,9,a,O,DT,O
2962,2962,9,couple,O,NN,O
2963,2963,9,of,O,IN,O
2964,2964,9,boons.,O,NN,O
2965,2965,9,And,O,CC,O
2966,2966,9,having,O,VBG,O
2967,2967,9,bestowed,O,VBN,O
2968,2968,9,these,O,DT,O
2969,2969,9,the,O,DT,O
2970,2970,9,gods,O,NNS,O
2971,2971,9,went,O,VBD,O
2972,2972,9,to,O,TO,O
2973,2973,9,heaven.,O,VB,O
2974,2974,9,And,O,CC,O
2975,2975,9,the,O,DT,O
2976,2976,9,kings,O,NNS,O
2977,2977,9,"also,",O,VBP,O
2978,2978,9,having,O,VBG,O
2979,2979,9,witnessed,O,VBN,O
2980,2980,9,with,O,IN,O
2981,2981,9,wonder,O,NN,O
2982,2982,9,Damayanti's,B-PER,NNP,O
2983,2983,9,selection,O,NN,O
2984,2984,9,of,O,IN,O
2985,2985,9,"Nala,",O,NNP,O
2986,2986,9,returned,O,VBD,O
2987,2987,9,delighted,O,JJ,O
2988,2988,9,whence,O,NN,O
2989,2989,9,they,O,PRP,O
2990,2990,9,had,O,VBD,O
2991,2991,9,come.,O,NN,O
2992,2992,9,And,O,CC,O
2993,2993,9,on,O,IN,O
2994,2994,9,the,O,DT,O
2995,2995,9,departure,O,NN,O
2996,2996,9,of,O,IN,O
2997,2997,9,those,O,DT,O
2998,2998,9,mighty,O,NNS,O
2999,2999,9,"monarchs,",O,VBP,O
3000,3000,9,the,O,DT,O
3001,3001,9,high-souled,O,JJ,O
3002,3002,9,"Bhima,",O,NNP,O
3003,3003,9,well,O,RB,O
3004,3004,9,"pleased,",O,RB,O
3005,3005,9,celebrated,O,VBD,O
3006,3006,9,the,O,DT,O
3007,3007,9,wedding,O,NN,O
3008,3008,9,of,O,IN,O
3009,3009,9,Nala,B-PER,NNP,O
3010,3010,9,and,O,CC,O
3011,3011,9,Damayanti.,O,NNP,O
3012,3012,9,And,O,CC,O
3013,3013,9,having,O,VBG,O
3014,3014,9,stayed,O,VBN,O
3015,3015,9,there,O,EX,O
3016,3016,9,for,O,IN,O
3017,3017,9,a,O,DT,O
3018,3018,9,time,O,NN,O
3019,3019,9,according,O,VBG,O
3020,3020,9,to,O,TO,O
3021,3021,9,his,O,PRPS,O
3022,3022,9,"desire,",O,NN,O
3023,3023,9,"Naishadha,",O,NNP,O
3024,3024,9,the,O,DT,O
3025,3025,9,best,O,JJS,O
3026,3026,9,of,O,IN,O
3027,3027,9,"men,",O,NN,O
3028,3028,9,returned,O,VBN,O
3029,3029,9,to,O,TO,O
3030,3030,9,his,O,PRPS,O
3031,3031,9,own,O,JJ,O
3032,3032,9,city,O,NN,O
3033,3033,9,with,O,IN,O
3034,3034,9,the,O,DT,O
3035,3035,9,permission,O,NN,O
3036,3036,9,of,O,IN,O
3037,3037,9,Bhima.,O,NNP,O
3038,3038,9,And,O,CC,O
3039,3039,9,having,O,VBG,O
3040,3040,9,attained,O,VBN,O
3041,3041,9,that,O,IN,O
3042,3042,9,pearl,O,NN,O
3043,3043,9,of,O,IN,O
3044,3044,9,a,O,DT,O
3045,3045,9,"woman,",O,NN,O
3046,3046,9,the,O,DT,O
3047,3047,9,virtuous,O,JJ,O
3048,3048,9,"king,",O,NN,O
3049,3049,9,O,O,NNP,O
3050,3050,9,"monarch,",O,NN,O
3051,3051,9,began,O,VBD,O
3052,3052,9,to,O,TO,O
3053,3053,9,pass,O,VB,O
3054,3054,9,his,O,PRPS,O
3055,3055,9,days,O,NNS,O
3056,3056,9,in,O,IN,O
3057,3057,9,"joy,",O,NN,O
3058,3058,9,like,O,IN,O
3059,3059,9,the,O,DT,O
3060,3060,9,slayer,O,NN,O
3061,3061,9,of,O,IN,O
3062,3062,9,Vala,B-PER,NNP,O
3063,3063,9,and,O,CC,O
3064,3064,9,Vritra,B-PER,NNP,O
3065,3065,9,in,O,IN,O
3066,3066,9,the,O,DT,O
3067,3067,9,company,O,NN,O
3068,3068,9,of,O,IN,O
3069,3069,9,Sachi.,O,NNP,O
3070,3070,9,And,O,CC,O
3071,3071,9,resembling,O,VBG,O
3072,3072,9,the,O,DT,O
3073,3073,9,sun,O,NN,O
3074,3074,9,in,O,IN,O
3075,3075,9,"glory,",O,NN,O
3076,3076,9,the,O,DT,O
3077,3077,9,"king,",O,NN,O
3078,3078,9,full,O,JJ,O
3079,3079,9,of,O,IN,O
3080,3080,9,"gladness,",O,NN,O
3081,3081,9,began,O,VBD,O
3082,3082,9,to,O,TO,O
3083,3083,9,rule,O,VB,O
3084,3084,9,his,O,PRPS,O
3085,3085,9,subjects,O,NNS,O
3086,3086,9,"righteously,",O,VBP,O
3087,3087,9,and,O,CC,O
3088,3088,9,give,O,VBP,O
3089,3089,9,them,O,PRP,O
3090,3090,9,great,O,JJ,O
3091,3091,9,satisfaction.,O,NN,O
3092,3092,9,And,O,CC,O
3093,3093,9,like,O,IN,O
3094,3094,9,unto,O,JJ,O
3095,3095,9,"Yayati,",O,NNP,O
3096,3096,9,the,O,DT,O
3097,3097,9,son,O,NN,O
3098,3098,9,of,O,IN,O
3099,3099,9,"Nahusha,",O,NNP,O
3100,3100,9,that,O,WDT,O
3101,3101,9,intelligent,O,JJ,O
3102,3102,9,monarch,O,NN,O
3103,3103,9,celebrated,O,VBD,O
3104,3104,9,the,O,DT,O
3105,3105,9,horse,O,NN,O
3106,3106,9,sacrifice,O,NN,O
3107,3107,9,and,O,CC,O
3108,3108,9,many,O,JJ,O
3109,3109,9,other,O,JJ,O
3110,3110,9,sacrifices,O,NNS,O
3111,3111,9,with,O,IN,O
3112,3112,9,abundant,O,JJ,O
3113,3113,9,gifts,O,NNS,O
3114,3114,9,to,O,TO,O
3115,3115,9,Brahmanas.,O,VB,O
3116,3116,9,And,O,CC,O
3117,3117,9,like,O,IN,O
3118,3118,9,unto,O,IN,O
3119,3119,9,a,O,DT,O
3120,3120,9,very,O,RB,O
3121,3121,9,"god,",O,JJ,O
3122,3122,9,Nala,B-PER,NNP,O
3123,3123,9,sported,O,VBD,O
3124,3124,9,with,O,IN,O
3125,3125,9,Damayanti,B-PER,NNP,O
3126,3126,9,in,O,IN,O
3127,3127,9,romantic,O,JJ,O
3128,3128,9,woods,O,NNS,O
3129,3129,9,and,O,CC,O
3130,3130,9,groves.,O,NN,O
3131,3131,9,And,O,CC,O
3132,3132,9,the,O,DT,O
3133,3133,9,high-minded,O,JJ,O
3134,3134,9,king,O,NN,O
3135,3135,9,begat,O,NN,O
3136,3136,9,upon,O,IN,O
3137,3137,9,Damayanti,B-PER,NNP,O
3138,3138,9,a,O,DT,O
3139,3139,9,son,O,NN,O
3140,3140,9,named,O,VBN,O
3141,3141,9,"Indrasena,",O,NNP,O
3142,3142,9,and,O,CC,O
3143,3143,9,a,O,DT,O
3144,3144,9,daughter,O,NN,O
3145,3145,9,named,O,VBN,O
3146,3146,9,Indrasena.,O,NNP,O
3147,3147,9,And,O,CC,O
3148,3148,9,celebrating,O,VBG,O
3149,3149,9,"sacrifice,",O,NN,O
3150,3150,9,and,O,CC,O
3151,3151,9,sporting,O,VBG,O
3152,3152,9,(with,O,JJ,O
3153,3153,9,Damayanti),O,NNP,O
3154,3154,9,"thus,",O,VBD,O
3155,3155,9,the,O,DT,O
3156,3156,9,king,O,NN,O
3157,3157,9,ruled,O,VBD,O
3158,3158,9,the,O,DT,O
3159,3159,9,earth,B-PLACE,NN,O
3160,3160,9,abounding,O,VBG,O
3161,3161,9,in,O,IN,O
3162,3162,9,"wealth.'""",O,NN,O
3163,3163,10,"wealth.'""",O,NN,O
3164,3164,11,"""Vrihadaswa",O,JJ,O
3165,3165,11,"said,",O,NN,O
3166,3166,11,'When,O,VBZ,O
3167,3167,11,the,O,DT,O
3168,3168,11,blazing,O,NN,O
3169,3169,11,guardians,O,NNS,O
3170,3170,11,of,O,IN,O
3171,3171,11,the,O,DT,O
3172,3172,11,worlds,O,NNS,O
3173,3173,11,were,O,VBD,O
3174,3174,11,returning,O,VBG,O
3175,3175,11,after,O,IN,O
3176,3176,11,the,O,DT,O
3177,3177,11,daughter,O,NN,O
3178,3178,11,of,O,IN,O
3179,3179,11,Bhima,B-PER,NNP,O
3180,3180,11,had,O,VBD,O
3181,3181,11,chosen,O,VBN,O
3182,3182,11,"Naishadha,",O,NNP,O
3183,3183,11,on,O,IN,O
3184,3184,11,their,O,PRPS,O
3185,3185,11,way,O,NN,O
3186,3186,11,they,O,PRP,O
3187,3187,11,met,O,VBD,O
3188,3188,11,Dwapara,B-PER,NNP,O
3189,3189,11,with,O,IN,O
3190,3190,11,Kali,B-PER,NNP,O
3191,3191,11,approaching,O,VBG,O
3192,3192,11,towards,O,NNS,O
3193,3193,11,them.,O,NN,O
3194,3194,11,And,O,CC,O
3195,3195,11,seeing,O,VBG,O
3196,3196,11,"Kali,",O,NNP,O
3197,3197,11,Sakra,B-PER,NNP,O
3198,3198,11,the,O,DT,O
3199,3199,11,slayer,O,NN,O
3200,3200,11,of,O,IN,O
3201,3201,11,Vala,B-PER,NNP,O
3202,3202,11,and,O,CC,O
3203,3203,11,"Vritra,",O,NNP,O
3204,3204,11,"said,",O,VBP,O
3205,3205,11,'O,O,POS,O
3206,3206,11,"Kali,",O,NNP,O
3207,3207,11,say,O,VBP,O
3208,3208,11,whither,O,PRPS,O
3209,3209,11,thou,O,JJ,O
3210,3210,11,art,O,NN,O
3211,3211,11,going,O,VBG,O
3212,3212,11,with,O,IN,O
3213,3213,11,Dwapara.',O,NNP,O
3214,3214,11,And,O,CC,O
3215,3215,11,thereupon,O,VB,O
3216,3216,11,Kali,B-PER,NNP,O
3217,3217,11,replied,O,VBD,O
3218,3218,11,unto,O,JJ,O
3219,3219,11,"Sakra,",O,NNP,O
3220,3220,11,'Going,O,VBG,O
3221,3221,11,to,O,TO,O
3222,3222,11,Damayanti's,B-PER,NNP,O
3223,3223,11,"Swayamvara,",O,NNP,O
3224,3224,11,will,O,MD,O
3225,3225,11,I,O,PRP,O
3226,3226,11,obtain,O,VB,O
3227,3227,11,her,O,PRPS,O
3228,3228,11,(for,O,JJ,O
3229,3229,11,my,O,PRPS,O
3230,3230,11,"wife),",O,NN,O
3231,3231,11,as,O,IN,O
3232,3232,11,my,O,PRPS,O
3233,3233,11,heart,O,NN,O
3234,3234,11,is,O,VBZ,O
3235,3235,11,fixed,O,VBN,O
3236,3236,11,upon,O,IN,O
3237,3237,11,that,O,DT,O
3238,3238,11,damsel.',O,NN,O
3239,3239,11,Hearing,O,VBG,O
3240,3240,11,"this,",O,NN,O
3241,3241,11,Indra,B-PER,NNP,O
3242,3242,11,said,O,VBD,O
3243,3243,11,with,O,IN,O
3244,3244,11,a,O,DT,O
3245,3245,11,"smile,",O,NN,O
3246,3246,11,'That,O,POS,O
3247,3247,11,Swayamvara,B-EVE,NNP,O
3248,3248,11,is,O,VBZ,O
3249,3249,11,already,O,RB,O
3250,3250,11,ended.,O,JJ,O
3251,3251,11,In,O,IN,O
3252,3252,11,our,O,PRPS,O
3253,3253,11,sight,O,NN,O
3254,3254,11,she,O,PRP,O
3255,3255,11,hath,O,VBD,O
3256,3256,11,chosen,O,NNS,O
3257,3257,11,Nala,B-PER,NNP,O
3258,3258,11,for,O,IN,O
3259,3259,11,her,O,PRPS,O
3260,3260,11,husband.',O,NN,O
3261,3261,11,Thus,O,RB,O
3262,3262,11,answered,O,VBN,O
3263,3263,11,by,O,IN,O
3264,3264,11,"Sakra,",O,NNP,O
3265,3265,11,"Kali,",O,NNP,O
3266,3266,11,that,O,IN,O
3267,3267,11,vilest,O,JJS,O
3268,3268,11,of,O,IN,O
3269,3269,11,the,O,DT,O
3270,3270,11,"celestials,",O,NN,O
3271,3271,11,filled,O,VBN,O
3272,3272,11,with,O,IN,O
3273,3273,11,"wrath,",O,JJ,O
3274,3274,11,addressing,O,VBG,O
3275,3275,11,all,O,PDT,O
3276,3276,11,those,O,DT,O
3277,3277,11,gods,O,NNS,O
3278,3278,11,"spake,",O,VBP,O
3279,3279,11,'Since,O,NN,O
3280,3280,11,in,O,IN,O
3281,3281,11,the,O,DT,O
3282,3282,11,presence,O,NN,O
3283,3283,11,of,O,IN,O
3284,3284,11,the,O,DT,O
3285,3285,11,celestials,O,NNS,O
3286,3286,11,she,O,PRP,O
3287,3287,11,hath,O,VBD,O
3288,3288,11,chosen,O,VB,O
3289,3289,11,a,O,DT,O
3290,3290,11,mortal,O,NN,O
3291,3291,11,for,O,IN,O
3292,3292,11,her,O,PRPS,O
3293,3293,11,"lord,",O,NN,O
3294,3294,11,it,O,PRP,O
3295,3295,11,is,O,VBZ,O
3296,3296,11,meet,O,JJ,O
3297,3297,11,that,O,IN,O
3298,3298,11,she,O,PRP,O
3299,3299,11,should,O,MD,O
3300,3300,11,undergo,O,VB,O
3301,3301,11,a,O,DT,O
3302,3302,11,heavy,O,JJ,O
3303,3303,11,doom.',O,NN,O
3304,3304,11,Upon,O,IN,O
3305,3305,11,hearing,O,VBG,O
3306,3306,11,these,O,DT,O
3307,3307,11,words,O,NNS,O
3308,3308,11,of,O,IN,O
3309,3309,11,"Kali,",O,NNP,O
3310,3310,11,the,O,DT,O
3311,3311,11,celestials,O,NNS,O
3312,3312,11,"answered,",O,VBP,O
3313,3313,11,'It,O,'',O
3314,3314,11,is,O,VBZ,O
3315,3315,11,with,O,IN,O
3316,3316,11,our,O,PRPS,O
3317,3317,11,sanction,O,NN,O
3318,3318,11,that,O,IN,O
3319,3319,11,Damayanti,B-PER,NNP,O
3320,3320,11,hath,O,NN,O
3321,3321,11,chosen,O,NN,O
3322,3322,11,Nala.,O,NNP,O
3323,3323,11,What,O,WP,O
3324,3324,11,damsel,O,NN,O
3325,3325,11,is,O,VBZ,O
3326,3326,11,there,O,EX,O
3327,3327,11,that,O,WDT,O
3328,3328,11,would,O,MD,O
3329,3329,11,not,O,RB,O
3330,3330,11,choose,O,VB,O
3331,3331,11,king,O,VBG,O
3332,3332,11,Nala,B-PER,NNP,O
3333,3333,11,endued,O,VBN,O
3334,3334,11,with,O,IN,O
3335,3335,11,every,O,DT,O
3336,3336,11,virtue?,O,NN,O
3337,3337,11,Well-versed,O,JJ,O
3338,3338,11,in,O,IN,O
3339,3339,11,all,O,DT,O
3340,3340,11,"duties,",O,NN,O
3341,3341,11,always,O,RB,O
3342,3342,11,conducting,O,VBG,O
3343,3343,11,himself,O,PRP,O
3344,3344,11,with,O,IN,O
3345,3345,11,"rectitude,",O,NN,O
3346,3346,11,he,O,PRP,O
3347,3347,11,hath,O,VBZ,O
3348,3348,11,studied,O,VBD,O
3349,3349,11,the,O,DT,O
3350,3350,11,four,O,CD,O
3351,3351,11,Vedas,B-LIT&ART,NNP,O
3352,3352,11,together,O,RB,O
3353,3353,11,with,O,IN,O
3354,3354,11,the,O,DT,O
3355,3355,11,Puranas,B-LIT&ART,NNP,O
3356,3356,11,that,O,WDT,O
3357,3357,11,are,O,VBP,O
3358,3358,11,regarded,O,VBN,O
3359,3359,11,as,O,IN,O
3360,3360,11,the,O,DT,O
3361,3361,11,fifth.,O,NN,O
3362,3362,11,Leading,O,VBG,O
3363,3363,11,a,O,DT,O
3364,3364,11,life,O,NN,O
3365,3365,11,of,O,IN,O
3366,3366,11,harmlessness,O,NN,O
3367,3367,11,unto,O,IN,O
3368,3368,11,all,O,DT,O
3369,3369,11,"creatures,",O,NN,O
3370,3370,11,he,O,PRP,O
3371,3371,11,is,O,VBZ,O
3372,3372,11,truth-telling,O,JJ,O
3373,3373,11,and,O,CC,O
3374,3374,11,firm,O,NN,O
3375,3375,11,in,O,IN,O
3376,3376,11,his,O,PRPS,O
3377,3377,11,"vows,",O,NN,O
3378,3378,11,and,O,CC,O
3379,3379,11,in,O,IN,O
3380,3380,11,his,O,PRPS,O
3381,3381,11,house,O,NN,O
3382,3382,11,the,O,DT,O
3383,3383,11,gods,O,NNS,O
3384,3384,11,are,O,VBP,O
3385,3385,11,ever,O,RB,O
3386,3386,11,gratified,O,VBN,O
3387,3387,11,by,O,IN,O
3388,3388,11,sacrifices,O,NNS,O
3389,3389,11,held,O,VBD,O
3390,3390,11,according,O,VBG,O
3391,3391,11,to,O,TO,O
3392,3392,11,the,O,DT,O
3393,3393,11,ordinance.,O,NN,O
3394,3394,11,In,O,IN,O
3395,3395,11,that,O,DT,O
3396,3396,11,tiger,O,NN,O
3397,3397,11,among,O,IN,O
3398,3398,11,men--that,O,JJ,O
3399,3399,11,king,O,NN,O
3400,3400,11,resembling,O,VBG,O
3401,3401,11,a,O,DT,O
3402,3402,11,"Lokapala,",O,NNP,O
3403,3403,11,is,O,VBZ,O
3404,3404,11,"truth,",O,JJ,O
3405,3405,11,and,O,CC,O
3406,3406,11,"forbearance,",O,JJ,O
3407,3407,11,and,O,CC,O
3408,3408,11,"knowledge,",O,NN,O
3409,3409,11,and,O,CC,O
3410,3410,11,"asceticism,",O,NN,O
3411,3411,11,and,O,CC,O
3412,3412,11,purity,O,NN,O
3413,3413,11,and,O,CC,O
3414,3414,11,"self-control,",O,NN,O
3415,3415,11,and,O,CC,O
3416,3416,11,perfect,O,JJ,O
3417,3417,11,tranquillity,O,NN,O
3418,3418,11,of,O,IN,O
3419,3419,11,soul.,O,NN,O
3420,3420,11,O,O,NNP,O
3421,3421,11,"Kali,",O,NNP,O
3422,3422,11,the,O,DT,O
3423,3423,11,fool,O,NN,O
3424,3424,11,that,O,WDT,O
3425,3425,11,wisheth,O,VBZ,O
3426,3426,11,to,O,TO,O
3427,3427,11,curse,O,VB,O
3428,3428,11,Nala,B-PER,NNP,O
3429,3429,11,bearing,O,NN,O
3430,3430,11,such,O,PDT,O
3431,3431,11,a,O,DT,O
3432,3432,11,"character,",O,NN,O
3433,3433,11,curseth,O,NN,O
3434,3434,11,"himself,",O,NN,O
3435,3435,11,and,O,CC,O
3436,3436,11,destroyeth,O,VB,O
3437,3437,11,himself,O,PRP,O
3438,3438,11,by,O,IN,O
3439,3439,11,his,O,PRPS,O
3440,3440,11,own,O,JJ,O
3441,3441,11,act.,O,NN,O
3442,3442,11,"And,",O,NNP,O
3443,3443,11,O,O,NNP,O
3444,3444,11,"Kali,",O,NNP,O
3445,3445,11,he,O,PRP,O
3446,3446,11,that,O,WDT,O
3447,3447,11,seeketh,O,VBZ,O
3448,3448,11,to,O,TO,O
3449,3449,11,curse,O,VB,O
3450,3450,11,Nala,B-PER,NNP,O
3451,3451,11,crowned,O,VBN,O
3452,3452,11,with,O,IN,O
3453,3453,11,such,O,JJ,O
3454,3454,11,"virtues,",O,JJ,O
3455,3455,11,sinketh,O,NNS,O
3456,3456,11,into,O,IN,O
3457,3457,11,the,O,DT,O
3458,3458,11,wide,O,JJ,O
3459,3459,11,bottomless,O,NN,O
3460,3460,11,pit,O,NN,O
3461,3461,11,of,O,IN,O
3462,3462,11,hell,O,NN,O
3463,3463,11,rife,O,NN,O
3464,3464,11,with,O,IN,O
3465,3465,11,torments.',O,NN,O
3466,3466,11,Having,O,VBG,O
3467,3467,11,said,O,VBD,O
3468,3468,11,this,O,DT,O
3469,3469,11,to,O,TO,O
3470,3470,11,Kali,B-PER,NNP,O
3471,3471,11,and,O,CC,O
3472,3472,11,"Dwapara,",O,NNP,O
3473,3473,11,the,O,DT,O
3474,3474,11,gods,O,NNS,O
3475,3475,11,went,O,VBD,O
3476,3476,11,to,O,TO,O
3477,3477,11,heaven.,O,VB,O
3478,3478,11,And,O,CC,O
3479,3479,11,when,O,WRB,O
3480,3480,11,the,O,DT,O
3481,3481,11,gods,O,NNS,O
3482,3482,11,had,O,VBD,O
3483,3483,11,gone,O,VBN,O
3484,3484,11,"away,",O,JJ,O
3485,3485,11,Kali,B-PER,NNP,O
3486,3486,11,said,O,VBD,O
3487,3487,11,unto,O,JJ,O
3488,3488,11,"Dwapara,",O,NNP,O
3489,3489,11,'I,O,POS,O
3490,3490,11,am,O,VBP,O
3491,3491,11,ill,O,JJ,O
3492,3492,11,"able,",O,JJ,O
3493,3493,11,O,O,NNP,O
3494,3494,11,"Dwapara,",O,NNP,O
3495,3495,11,to,O,TO,O
3496,3496,11,suppress,O,VB,O
3497,3497,11,my,O,PRPS,O
3498,3498,11,anger.,O,NN,O
3499,3499,11,I,O,PRP,O
3500,3500,11,shall,O,MD,O
3501,3501,11,possess,O,VB,O
3502,3502,11,"Nala,",B-PER,NNP,O
3503,3503,11,deprive,O,JJ,O
3504,3504,11,him,O,PRP,O
3505,3505,11,of,O,IN,O
3506,3506,11,his,O,PRPS,O
3507,3507,11,"kingdom,",O,NN,O
3508,3508,11,and,O,CC,O
3509,3509,11,he,O,PRP,O
3510,3510,11,shall,O,MD,O
3511,3511,11,no,O,RB,O
3512,3512,11,more,O,RBR,O
3513,3513,11,sport,O,NN,O
3514,3514,11,with,O,IN,O
3515,3515,11,Bhima's,B-PER,NNP,O
3516,3516,11,daughter.,O,NN,O
3517,3517,11,Entering,O,VBG,O
3518,3518,11,the,O,DT,O
3519,3519,11,"dice,",O,NN,O
3520,3520,11,it,O,PRP,O
3521,3521,11,behoveth,O,VBZ,O
3522,3522,11,thee,O,NN,O
3523,3523,11,to,O,TO,O
3524,3524,11,help,O,VB,O
3525,3525,11,"me.'""",O,VB,O
3526,3526,12,"me.'""",O,NN,O
